file,n_size,difficulty,solved,nodes_expanded,time_seconds,solution_length,reason
3x3/faciles/1.txt,3,faciles,True,102,0.0001,6,OK
3x3/faciles/2.txt,3,faciles,True,633,0.0008,10,OK
3x3/faciles/3.txt,3,faciles,True,74,0.0001,6,OK
3x3/faciles/4.txt,3,faciles,True,644,0.0006,10,OK
3x3/faciles/5.txt,3,faciles,True,440,0.0004,10,OK
3x3/faciles/6.txt,3,faciles,True,843,0.0036,10,OK
3x3/faciles/7.txt,3,faciles,True,632,0.0006,10,OK
3x3/faciles/8.txt,3,faciles,True,483,0.0005,10,OK
3x3/faciles/9.txt,3,faciles,True,463,0.0005,10,OK
3x3/faciles/10.txt,3,faciles,True,275,0.0003,8,OK
3x3/faciles/11.txt,3,faciles,True,699,0.0007,10,OK
3x3/faciles/12.txt,3,faciles,True,675,0.0007,10,OK
3x3/faciles/13.txt,3,faciles,True,702,0.0007,10,OK
3x3/faciles/14.txt,3,faciles,True,432,0.0004,10,OK
3x3/faciles/15.txt,3,faciles,True,843,0.0036,10,OK
3x3/faciles/16.txt,3,faciles,True,698,0.0007,10,OK
3x3/faciles/17.txt,3,faciles,True,513,0.0005,10,OK
3x3/faciles/18.txt,3,faciles,True,236,0.0002,8,OK
3x3/faciles/19.txt,3,faciles,True,523,0.0005,10,OK
3x3/faciles/20.txt,3,faciles,True,812,0.0007,10,OK
3x3/faciles/21.txt,3,faciles,True,545,0.0006,10,OK
3x3/faciles/22.txt,3,faciles,True,527,0.0005,10,OK
3x3/faciles/23.txt,3,faciles,True,645,0.0006,10,OK
3x3/faciles/24.txt,3,faciles,True,424,0.0004,10,OK
3x3/faciles/25.txt,3,faciles,True,448,0.0005,10,OK
3x3/faciles/26.txt,3,faciles,True,112,0.0001,6,OK
3x3/faciles/27.txt,3,faciles,True,545,0.0005,10,OK
3x3/faciles/28.txt,3,faciles,True,462,0.0005,10,OK
3x3/faciles/29.txt,3,faciles,True,441,0.0004,10,OK
3x3/faciles/30.txt,3,faciles,True,632,0.0006,10,OK
3x3/faciles/31.txt,3,faciles,True,621,0.0006,10,OK
3x3/faciles/32.txt,3,faciles,True,677,0.0007,10,OK
3x3/faciles/33.txt,3,faciles,True,513,0.0005,10,OK
3x3/faciles/34.txt,3,faciles,True,190,0.0002,8,OK
3x3/faciles/35.txt,3,faciles,True,843,0.0036,10,OK
3x3/faciles/36.txt,3,faciles,True,102,0.0001,6,OK
3x3/faciles/37.txt,3,faciles,True,832,0.0008,10,OK
3x3/faciles/38.txt,3,faciles,True,812,0.0008,10,OK
3x3/faciles/39.txt,3,faciles,True,671,0.0007,10,OK
3x3/faciles/40.txt,3,faciles,True,176,0.0002,8,OK
3x3/faciles/41.txt,3,faciles,True,421,0.0004,10,OK
3x3/faciles/42.txt,3,faciles,True,432,0.0004,10,OK
3x3/faciles/43.txt,3,faciles,True,506,0.0005,10,OK
3x3/faciles/44.txt,3,faciles,True,543,0.0005,10,OK
3x3/faciles/45.txt,3,faciles,True,614,0.0006,10,OK
3x3/faciles/46.txt,3,faciles,True,628,0.0006,10,OK
3x3/faciles/47.txt,3,faciles,True,310,0.0003,8,OK
3x3/faciles/48.txt,3,faciles,True,644,0.0006,10,OK
3x3/faciles/49.txt,3,faciles,True,697,0.0007,10,OK
3x3/faciles/50.txt,3,faciles,True,621,0.0006,10,OK
3x3/faciles/51.txt,3,faciles,True,463,0.0005,10,OK
3x3/faciles/52.txt,3,faciles,True,587,0.0006,10,OK
3x3/faciles/53.txt,3,faciles,True,182,0.0002,8,OK
3x3/faciles/54.txt,3,faciles,True,463,0.0005,10,OK
3x3/faciles/55.txt,3,faciles,True,543,0.0005,10,OK
3x3/faciles/56.txt,3,faciles,True,553,0.0006,10,OK
3x3/faciles/57.txt,3,faciles,True,421,0.0004,10,OK
3x3/faciles/58.txt,3,faciles,True,654,0.0006,10,OK
3x3/faciles/59.txt,3,faciles,True,675,0.0007,10,OK
3x3/faciles/60.txt,3,faciles,True,513,0.0005,10,OK
3x3/faciles/61.txt,3,faciles,True,632,0.0006,10,OK
3x3/faciles/62.txt,3,faciles,True,673,0.0007,10,OK
3x3/faciles/63.txt,3,faciles,True,432,0.0004,10,OK
3x3/faciles/64.txt,3,faciles,True,275,0.0003,8,OK
3x3/faciles/65.txt,3,faciles,True,480,0.0005,10,OK
3x3/faciles/66.txt,3,faciles,True,462,0.0005,10,OK
3x3/faciles/67.txt,3,faciles,True,172,0.0002,8,OK
3x3/faciles/68.txt,3,faciles,True,595,0.0006,10,OK
3x3/faciles/69.txt,3,faciles,True,496,0.0005,10,OK
3x3/faciles/70.txt,3,faciles,True,638,0.0006,10,OK
3x3/faciles/71.txt,3,faciles,True,467,0.0005,10,OK
3x3/faciles/72.txt,3,faciles,True,224,0.0002,8,OK
3x3/faciles/73.txt,3,faciles,True,794,0.0008,10,OK
3x3/faciles/74.txt,3,faciles,True,465,0.0005,10,OK
3x3/faciles/75.txt,3,faciles,True,467,0.0005,10,OK
3x3/faciles/76.txt,3,faciles,True,541,0.0005,10,OK
3x3/faciles/77.txt,3,faciles,True,786,0.0008,10,OK
3x3/faciles/78.txt,3,faciles,True,463,0.0005,10,OK
3x3/faciles/79.txt,3,faciles,True,549,0.0006,10,OK
3x3/faciles/80.txt,3,faciles,True,843,0.0035,10,OK
3x3/faciles/81.txt,3,faciles,True,590,0.0006,10,OK
3x3/faciles/82.txt,3,faciles,True,843,0.0035,10,OK
3x3/faciles/83.txt,3,faciles,True,679,0.0007,10,OK
3x3/faciles/84.txt,3,faciles,True,543,0.0005,10,OK
3x3/faciles/85.txt,3,faciles,True,575,0.0006,10,OK
3x3/faciles/86.txt,3,faciles,True,462,0.0005,10,OK
3x3/faciles/87.txt,3,faciles,True,229,0.0002,8,OK
3x3/faciles/88.txt,3,faciles,True,556,0.0006,10,OK
3x3/faciles/89.txt,3,faciles,True,843,0.0037,10,OK
3x3/faciles/90.txt,3,faciles,True,480,0.0005,10,OK
3x3/faciles/91.txt,3,faciles,True,661,0.0007,10,OK
3x3/faciles/92.txt,3,faciles,True,812,0.0008,10,OK
3x3/faciles/93.txt,3,faciles,True,632,0.0006,10,OK
3x3/faciles/94.txt,3,faciles,True,794,0.0008,10,OK
3x3/faciles/95.txt,3,faciles,True,722,0.0007,10,OK
3x3/faciles/96.txt,3,faciles,True,794,0.0008,10,OK
3x3/faciles/97.txt,3,faciles,True,699,0.0007,10,OK
3x3/faciles/98.txt,3,faciles,True,76,0.0001,6,OK
3x3/faciles/99.txt,3,faciles,True,480,0.0005,10,OK
3x3/faciles/100.txt,3,faciles,True,659,0.0006,10,OK
3x3/medios/1.txt,3,medios,True,1068,0.0147,20,OK
3x3/medios/2.txt,3,medios,True,1570,0.0378,20,OK
3x3/medios/3.txt,3,medios,True,1007,0.0112,20,OK
3x3/medios/4.txt,3,medios,True,1012,0.0189,18,OK
3x3/medios/5.txt,3,medios,True,839,0.0064,16,OK
3x3/medios/6.txt,3,medios,True,844,0.0035,12,OK
3x3/medios/7.txt,3,medios,True,1053,0.0149,18,OK
3x3/medios/8.txt,3,medios,True,2036,0.0322,20,OK
3x3/medios/9.txt,3,medios,True,849,0.0082,16,OK
3x3/medios/10.txt,3,medios,True,1366,0.0185,22,OK
3x3/medios/11.txt,3,medios,True,871,0.0088,16,OK
3x3/medios/12.txt,3,medios,True,816,0.0033,12,OK
3x3/medios/13.txt,3,medios,True,1599,0.0337,20,OK
3x3/medios/14.txt,3,medios,True,1350,0.0157,20,OK
3x3/medios/15.txt,3,medios,True,832,0.0056,20,OK
3x3/medios/16.txt,3,medios,True,858,0.0059,20,OK
3x3/medios/17.txt,3,medios,True,883,0.0064,20,OK
3x3/medios/18.txt,3,medios,True,859,0.006,20,OK
3x3/medios/19.txt,3,medios,True,847,0.0061,12,OK
3x3/medios/20.txt,3,medios,True,1308,0.0234,20,OK
3x3/medios/21.txt,3,medios,True,814,0.0032,12,OK
3x3/medios/22.txt,3,medios,True,887,0.0094,18,OK
3x3/medios/23.txt,3,medios,True,816,0.0032,12,OK
3x3/medios/24.txt,3,medios,True,909,0.012,16,OK
3x3/medios/25.txt,3,medios,True,816,0.0054,14,OK
3x3/medios/26.txt,3,medios,True,850,0.0059,14,OK
3x3/medios/27.txt,3,medios,True,856,0.0036,16,OK
3x3/medios/28.txt,3,medios,True,1113,0.0151,22,OK
3x3/medios/29.txt,3,medios,True,843,0.0083,16,OK
3x3/medios/30.txt,3,medios,True,852,0.0083,18,OK
3x3/medios/31.txt,3,medios,True,2245,0.0383,22,OK
3x3/medios/32.txt,3,medios,True,968,0.0123,20,OK
3x3/medios/33.txt,3,medios,True,841,0.008,18,OK
3x3/medios/34.txt,3,medios,True,889,0.0115,16,OK
3x3/medios/35.txt,3,medios,True,1221,0.0201,22,OK
3x3/medios/36.txt,3,medios,True,832,0.0035,18,OK
3x3/medios/37.txt,3,medios,True,822,0.0033,16,OK
3x3/medios/38.txt,3,medios,True,858,0.0062,16,OK
3x3/medios/39.txt,3,medios,True,4123,0.0731,20,OK
3x3/medios/40.txt,3,medios,True,1226,0.0189,24,OK
3x3/medios/41.txt,3,medios,True,1127,0.0234,20,OK
3x3/medios/42.txt,3,medios,True,1583,0.0253,24,OK
3x3/medios/43.txt,3,medios,True,856,0.0063,20,OK
3x3/medios/44.txt,3,medios,True,848,0.0111,16,OK
3x3/medios/45.txt,3,medios,True,3389,0.0643,24,OK
3x3/medios/46.txt,3,medios,True,831,0.0059,16,OK
3x3/medios/47.txt,3,medios,True,1037,0.0178,18,OK
3x3/medios/48.txt,3,medios,True,2422,0.043,22,OK
3x3/medios/49.txt,3,medios,True,858,0.0062,20,OK
3x3/medios/50.txt,3,medios,True,1471,0.0239,22,OK
3x3/medios/51.txt,3,medios,True,820,0.0034,16,OK
3x3/medios/52.txt,3,medios,True,1262,0.0261,20,OK
3x3/medios/53.txt,3,medios,True,1163,0.0215,20,OK
3x3/medios/54.txt,3,medios,True,1109,0.0202,20,OK
3x3/medios/55.txt,3,medios,True,1514,0.0304,22,OK
3x3/medios/56.txt,3,medios,True,998,0.0131,22,OK
3x3/medios/57.txt,3,medios,True,858,0.0107,18,OK
3x3/medios/58.txt,3,medios,True,1082,0.0152,18,OK
3x3/medios/59.txt,3,medios,True,973,0.011,20,OK
3x3/medios/60.txt,3,medios,True,285,0.0003,8,OK
3x3/medios/61.txt,3,medios,True,1263,0.0154,22,OK
3x3/medios/62.txt,3,medios,True,820,0.0057,14,OK
3x3/medios/63.txt,3,medios,True,513,0.0005,10,OK
3x3/medios/64.txt,3,medios,True,848,0.0061,14,OK
3x3/medios/65.txt,3,medios,True,864,0.0112,18,OK
3x3/medios/66.txt,3,medios,True,895,0.011,20,OK
3x3/medios/67.txt,3,medios,True,875,0.0132,20,OK
3x3/medios/68.txt,3,medios,True,848,0.0062,14,OK
3x3/medios/69.txt,3,medios,True,818,0.0056,14,OK
3x3/medios/70.txt,3,medios,True,1193,0.0248,20,OK
3x3/medios/71.txt,3,medios,True,844,0.006,18,OK
3x3/medios/72.txt,3,medios,True,1148,0.0208,18,OK
3x3/medios/73.txt,3,medios,True,897,0.0074,18,OK
3x3/medios/74.txt,3,medios,True,935,0.0131,18,OK
3x3/medios/75.txt,3,medios,True,1054,0.0198,16,OK
3x3/medios/76.txt,3,medios,True,1009,0.0142,16,OK
3x3/medios/77.txt,3,medios,True,894,0.0091,20,OK
3x3/medios/78.txt,3,medios,True,902,0.0138,20,OK
3x3/medios/79.txt,3,medios,True,867,0.0066,18,OK
3x3/medios/80.txt,3,medios,True,854,0.0084,20,OK
3x3/medios/81.txt,3,medios,True,857,0.0088,16,OK
3x3/medios/82.txt,3,medios,True,860,0.0037,16,OK
3x3/medios/83.txt,3,medios,True,826,0.0081,14,OK
3x3/medios/84.txt,3,medios,True,1193,0.0163,20,OK
3x3/medios/85.txt,3,medios,True,1282,0.0212,22,OK
3x3/medios/86.txt,3,medios,True,1091,0.022,18,OK
3x3/medios/87.txt,3,medios,True,1223,0.0198,20,OK
3x3/medios/88.txt,3,medios,True,1455,0.0338,20,OK
3x3/medios/89.txt,3,medios,True,1049,0.0237,18,OK
3x3/medios/90.txt,3,medios,True,824,0.0059,14,OK
3x3/medios/91.txt,3,medios,True,640,0.0006,10,OK
3x3/medios/92.txt,3,medios,True,934,0.0156,18,OK
3x3/medios/93.txt,3,medios,True,845,0.0083,18,OK
3x3/medios/94.txt,3,medios,True,813,0.0033,12,OK
3x3/medios/95.txt,3,medios,True,1220,0.0196,22,OK
3x3/medios/96.txt,3,medios,True,831,0.0059,18,OK
3x3/medios/97.txt,3,medios,True,891,0.0094,16,OK
3x3/medios/98.txt,3,medios,True,820,0.0057,14,OK
3x3/medios/99.txt,3,medios,True,869,0.0094,18,OK
3x3/medios/100.txt,3,medios,True,1506,0.0276,22,OK
3x3/dificiles/1.txt,3,dificiles,True,3456,0.0596,22,OK
3x3/dificiles/2.txt,3,dificiles,True,5398,0.0917,26,OK
3x3/dificiles/3.txt,3,dificiles,True,1137,0.0107,22,OK
3x3/dificiles/4.txt,3,dificiles,True,1154,0.0176,24,OK
3x3/dificiles/5.txt,3,dificiles,True,847,0.006,18,OK
3x3/dificiles/6.txt,3,dificiles,True,842,0.0058,20,OK
3x3/dificiles/7.txt,3,dificiles,True,918,0.0119,22,OK
3x3/dificiles/8.txt,3,dificiles,True,1668,0.0276,24,OK
3x3/dificiles/9.txt,3,dificiles,True,5997,0.1025,26,OK
3x3/dificiles/10.txt,3,dificiles,True,2015,0.0369,20,OK
3x3/dificiles/11.txt,3,dificiles,True,848,0.0059,14,OK
3x3/dificiles/12.txt,3,dificiles,True,880,0.0068,18,OK
3x3/dificiles/13.txt,3,dificiles,True,1039,0.0089,22,OK
3x3/dificiles/14.txt,3,dificiles,True,897,0.0068,22,OK
3x3/dificiles/15.txt,3,dificiles,True,1540,0.0206,24,OK
3x3/dificiles/16.txt,3,dificiles,True,891,0.0067,20,OK
3x3/dificiles/17.txt,3,dificiles,True,4625,0.0876,26,OK
3x3/dificiles/18.txt,3,dificiles,True,894,0.0114,18,OK
3x3/dificiles/19.txt,3,dificiles,True,907,0.0158,20,OK
3x3/dificiles/20.txt,3,dificiles,True,1912,0.0336,24,OK
3x3/dificiles/21.txt,3,dificiles,True,1797,0.0342,22,OK
3x3/dificiles/22.txt,3,dificiles,True,899,0.0135,20,OK
3x3/dificiles/23.txt,3,dificiles,True,825,0.0057,16,OK
3x3/dificiles/24.txt,3,dificiles,True,8783,0.1412,24,OK
3x3/dificiles/25.txt,3,dificiles,True,1568,0.0253,24,OK
3x3/dificiles/26.txt,3,dificiles,True,3346,0.0534,26,OK
3x3/dificiles/27.txt,3,dificiles,True,825,0.0033,18,OK
3x3/dificiles/28.txt,3,dificiles,True,908,0.0168,20,OK
3x3/dificiles/29.txt,3,dificiles,True,2298,0.0349,24,OK
3x3/dificiles/30.txt,3,dificiles,True,854,0.0035,16,OK
3x3/dificiles/31.txt,3,dificiles,True,12271,0.1721,28,OK
3x3/dificiles/32.txt,3,dificiles,True,6125,0.0993,24,OK
3x3/dificiles/33.txt,3,dificiles,True,826,0.0035,16,OK
3x3/dificiles/34.txt,3,dificiles,True,1112,0.0206,18,OK
3x3/dificiles/35.txt,3,dificiles,True,1408,0.0204,22,OK
3x3/dificiles/36.txt,3,dificiles,True,843,0.0086,18,OK
3x3/dificiles/37.txt,3,dificiles,True,912,0.0094,16,OK
3x3/dificiles/38.txt,3,dificiles,True,849,0.0058,20,OK
3x3/dificiles/39.txt,3,dificiles,True,3180,0.0499,26,OK
3x3/dificiles/40.txt,3,dificiles,True,1437,0.0252,18,OK
3x3/dificiles/41.txt,3,dificiles,True,1616,0.0304,20,OK
3x3/dificiles/42.txt,3,dificiles,True,9438,0.1417,26,OK
3x3/dificiles/43.txt,3,dificiles,True,4649,0.0825,20,OK
3x3/dificiles/44.txt,3,dificiles,True,1334,0.023,24,OK
3x3/dificiles/45.txt,3,dificiles,True,1125,0.0157,24,OK
3x3/dificiles/46.txt,3,dificiles,True,909,0.0116,20,OK
3x3/dificiles/47.txt,3,dificiles,True,2104,0.0346,24,OK
3x3/dificiles/48.txt,3,dificiles,True,6879,0.1197,28,OK
3x3/dificiles/49.txt,3,dificiles,True,1053,0.0142,22,OK
3x3/dificiles/50.txt,3,dificiles,True,3402,0.053,24,OK
3x3/dificiles/51.txt,3,dificiles,True,5320,0.086,26,OK
3x3/dificiles/52.txt,3,dificiles,True,1283,0.0238,20,OK
3x3/dificiles/53.txt,3,dificiles,True,1010,0.0129,24,OK
3x3/dificiles/54.txt,3,dificiles,True,864,0.0062,18,OK
3x3/dificiles/55.txt,3,dificiles,True,985,0.0082,22,OK
3x3/dificiles/56.txt,3,dificiles,True,917,0.0145,18,OK
3x3/dificiles/57.txt,3,dificiles,True,852,0.0037,16,OK
3x3/dificiles/58.txt,3,dificiles,True,1559,0.0387,22,OK
3x3/dificiles/59.txt,3,dificiles,True,1489,0.0285,22,OK
3x3/dificiles/60.txt,3,dificiles,True,2341,0.0404,22,OK
3x3/dificiles/61.txt,3,dificiles,True,4038,0.0638,26,OK
3x3/dificiles/62.txt,3,dificiles,True,1128,0.0174,22,OK
3x3/dificiles/63.txt,3,dificiles,True,3152,0.0583,22,OK
3x3/dificiles/64.txt,3,dificiles,True,814,0.0033,12,OK
3x3/dificiles/65.txt,3,dificiles,True,4175,0.0655,26,OK
3x3/dificiles/66.txt,3,dificiles,True,1489,0.0191,24,OK
3x3/dificiles/67.txt,3,dificiles,True,938,0.0074,24,OK
3x3/dificiles/68.txt,3,dificiles,True,2980,0.0501,24,OK
3x3/dificiles/69.txt,3,dificiles,True,887,0.0064,20,OK
3x3/dificiles/70.txt,3,dificiles,True,2640,0.04,26,OK
3x3/dificiles/71.txt,3,dificiles,True,3922,0.0732,26,OK
3x3/dificiles/72.txt,3,dificiles,True,1549,0.0253,24,OK
3x3/dificiles/73.txt,3,dificiles,True,852,0.0058,22,OK
3x3/dificiles/74.txt,3,dificiles,True,6590,0.0928,24,OK
3x3/dificiles/75.txt,3,dificiles,True,15403,0.2342,28,OK
3x3/dificiles/76.txt,3,dificiles,True,1646,0.029,24,OK
3x3/dificiles/77.txt,3,dificiles,True,1780,0.0301,22,OK
3x3/dificiles/78.txt,3,dificiles,True,1842,0.0338,24,OK
3x3/dificiles/79.txt,3,dificiles,True,844,0.0059,20,OK
3x3/dificiles/80.txt,3,dificiles,True,1144,0.0246,20,OK
3x3/dificiles/81.txt,3,dificiles,True,954,0.0145,20,OK
3x3/dificiles/82.txt,3,dificiles,True,5064,0.0822,28,OK
3x3/dificiles/83.txt,3,dificiles,True,1017,0.0111,24,OK
3x3/dificiles/84.txt,3,dificiles,True,2225,0.0396,20,OK
3x3/dificiles/85.txt,3,dificiles,True,1500,0.0242,22,OK
3x3/dificiles/86.txt,3,dificiles,True,6485,0.0964,26,OK
3x3/dificiles/87.txt,3,dificiles,True,1337,0.0183,22,OK
3x3/dificiles/88.txt,3,dificiles,True,1519,0.0251,24,OK
3x3/dificiles/89.txt,3,dificiles,True,3396,0.0553,26,OK
3x3/dificiles/90.txt,3,dificiles,True,1060,0.0214,22,OK
3x3/dificiles/91.txt,3,dificiles,True,836,0.0059,16,OK
3x3/dificiles/92.txt,3,dificiles,True,1843,0.0342,22,OK
3x3/dificiles/93.txt,3,dificiles,True,855,0.0086,14,OK
3x3/dificiles/94.txt,3,dificiles,True,6182,0.0973,24,OK
3x3/dificiles/95.txt,3,dificiles,True,2214,0.0356,24,OK
3x3/dificiles/96.txt,3,dificiles,True,2916,0.0483,26,OK
3x3/dificiles/97.txt,3,dificiles,True,4031,0.0756,26,OK
3x3/dificiles/98.txt,3,dificiles,True,3895,0.0604,24,OK
3x3/dificiles/99.txt,3,dificiles,True,894,0.014,18,OK
3x3/dificiles/100.txt,3,dificiles,True,4572,0.0635,28,OK
4x4/faciles/1.txt,4,faciles,True,1041,0.0084,10,OK
4x4/faciles/2.txt,4,faciles,True,1060,0.0088,10,OK
4x4/faciles/3.txt,4,faciles,True,1067,0.0163,10,OK
4x4/faciles/4.txt,4,faciles,True,1042,0.0084,10,OK
4x4/faciles/5.txt,4,faciles,True,1048,0.0086,10,OK
4x4/faciles/6.txt,4,faciles,True,1060,0.0082,10,OK
4x4/faciles/7.txt,4,faciles,True,1042,0.0085,10,OK
4x4/faciles/8.txt,4,faciles,True,1040,0.0081,10,OK
4x4/faciles/9.txt,4,faciles,True,1067,0.0165,10,OK
4x4/faciles/10.txt,4,faciles,True,1049,0.0089,10,OK
4x4/faciles/11.txt,4,faciles,True,1042,0.0091,10,OK
4x4/faciles/12.txt,4,faciles,True,1049,0.0077,10,OK
4x4/faciles/13.txt,4,faciles,True,1041,0.0081,10,OK
4x4/faciles/14.txt,4,faciles,True,1042,0.0086,10,OK
4x4/faciles/15.txt,4,faciles,True,1055,0.0091,10,OK
4x4/faciles/16.txt,4,faciles,True,1042,0.0089,10,OK
4x4/faciles/17.txt,4,faciles,True,1042,0.0091,10,OK
4x4/faciles/18.txt,4,faciles,True,1055,0.0087,10,OK
4x4/faciles/19.txt,4,faciles,True,1062,0.0162,10,OK
4x4/faciles/20.txt,4,faciles,True,1049,0.0085,10,OK
4x4/faciles/21.txt,4,faciles,True,1048,0.0085,10,OK
4x4/faciles/22.txt,4,faciles,True,1049,0.0086,10,OK
4x4/faciles/23.txt,4,faciles,True,1060,0.0086,10,OK
4x4/faciles/24.txt,4,faciles,True,1062,0.0151,10,OK
4x4/faciles/25.txt,4,faciles,True,1042,0.0084,10,OK
4x4/faciles/26.txt,4,faciles,True,857,0.0008,8,OK
4x4/faciles/27.txt,4,faciles,True,1049,0.009,10,OK
4x4/faciles/28.txt,4,faciles,True,1055,0.0086,10,OK
4x4/faciles/29.txt,4,faciles,True,1060,0.0091,10,OK
4x4/faciles/30.txt,4,faciles,True,1041,0.0081,10,OK
4x4/faciles/31.txt,4,faciles,True,1050,0.0159,10,OK
4x4/faciles/32.txt,4,faciles,True,1062,0.0162,10,OK
4x4/faciles/33.txt,4,faciles,True,1049,0.0085,10,OK
4x4/faciles/34.txt,4,faciles,True,1041,0.0083,10,OK
4x4/faciles/35.txt,4,faciles,True,1062,0.0162,10,OK
4x4/faciles/36.txt,4,faciles,True,1042,0.0089,10,OK
4x4/faciles/37.txt,4,faciles,True,1048,0.0084,10,OK
4x4/faciles/38.txt,4,faciles,True,712,0.0007,8,OK
4x4/faciles/39.txt,4,faciles,True,1055,0.0085,10,OK
4x4/faciles/40.txt,4,faciles,True,1065,0.0092,10,OK
4x4/faciles/41.txt,4,faciles,True,1049,0.0075,10,OK
4x4/faciles/42.txt,4,faciles,True,1049,0.0087,10,OK
4x4/faciles/43.txt,4,faciles,True,1065,0.0088,10,OK
4x4/faciles/44.txt,4,faciles,True,1048,0.0087,10,OK
4x4/faciles/45.txt,4,faciles,True,1042,0.0087,10,OK
4x4/faciles/46.txt,4,faciles,True,1042,0.0085,10,OK
4x4/faciles/47.txt,4,faciles,True,1067,0.0165,10,OK
4x4/faciles/48.txt,4,faciles,True,1048,0.009,10,OK
4x4/faciles/49.txt,4,faciles,True,1049,0.0081,10,OK
4x4/faciles/50.txt,4,faciles,True,1067,0.0163,10,OK
4x4/faciles/51.txt,4,faciles,True,1049,0.0085,10,OK
4x4/faciles/52.txt,4,faciles,True,1048,0.009,10,OK
4x4/faciles/53.txt,4,faciles,True,1062,0.0152,10,OK
4x4/faciles/54.txt,4,faciles,True,1062,0.0162,10,OK
4x4/faciles/55.txt,4,faciles,True,1042,0.0085,10,OK
4x4/faciles/56.txt,4,faciles,True,1042,0.0086,10,OK
4x4/faciles/57.txt,4,faciles,True,1041,0.0085,10,OK
4x4/faciles/58.txt,4,faciles,True,1041,0.008,10,OK
4x4/faciles/59.txt,4,faciles,True,1060,0.0085,10,OK
4x4/faciles/60.txt,4,faciles,True,1041,0.0079,10,OK
4x4/faciles/61.txt,4,faciles,True,1057,0.0163,10,OK
4x4/faciles/62.txt,4,faciles,True,1042,0.0085,10,OK
4x4/faciles/63.txt,4,faciles,True,1067,0.0173,10,OK
4x4/faciles/64.txt,4,faciles,True,1062,0.0171,10,OK
4x4/faciles/65.txt,4,faciles,True,1041,0.0086,10,OK
4x4/faciles/66.txt,4,faciles,True,1042,0.0085,10,OK
4x4/faciles/67.txt,4,faciles,True,1062,0.0174,10,OK
4x4/faciles/68.txt,4,faciles,True,1062,0.0171,10,OK
4x4/faciles/69.txt,4,faciles,True,1042,0.008,10,OK
4x4/faciles/70.txt,4,faciles,True,1050,0.0157,10,OK
4x4/faciles/71.txt,4,faciles,True,1060,0.0088,10,OK
4x4/faciles/72.txt,4,faciles,True,1065,0.0087,10,OK
4x4/faciles/73.txt,4,faciles,True,1042,0.0088,10,OK
4x4/faciles/74.txt,4,faciles,True,205,0.0002,6,OK
4x4/faciles/75.txt,4,faciles,True,1055,0.0086,10,OK
4x4/faciles/76.txt,4,faciles,True,1055,0.0091,10,OK
4x4/faciles/77.txt,4,faciles,True,1041,0.0083,10,OK
4x4/faciles/78.txt,4,faciles,True,1042,0.009,10,OK
4x4/faciles/79.txt,4,faciles,True,1042,0.0084,10,OK
4x4/faciles/80.txt,4,faciles,True,1067,0.0164,10,OK
4x4/faciles/81.txt,4,faciles,True,1041,0.0081,10,OK
4x4/faciles/82.txt,4,faciles,True,1055,0.0081,10,OK
4x4/faciles/83.txt,4,faciles,True,1057,0.0164,10,OK
4x4/faciles/84.txt,4,faciles,True,1055,0.0087,10,OK
4x4/faciles/85.txt,4,faciles,True,1055,0.009,10,OK
4x4/faciles/86.txt,4,faciles,True,1048,0.0087,10,OK
4x4/faciles/87.txt,4,faciles,True,1060,0.0086,10,OK
4x4/faciles/88.txt,4,faciles,True,1055,0.0091,10,OK
4x4/faciles/89.txt,4,faciles,True,1067,0.0163,10,OK
4x4/faciles/90.txt,4,faciles,True,1042,0.0084,10,OK
4x4/faciles/91.txt,4,faciles,True,1049,0.0075,10,OK
4x4/faciles/92.txt,4,faciles,True,1062,0.0162,10,OK
4x4/faciles/93.txt,4,faciles,True,1042,0.0085,10,OK
4x4/faciles/94.txt,4,faciles,True,1055,0.0087,10,OK
4x4/faciles/95.txt,4,faciles,True,1041,0.008,10,OK
4x4/faciles/96.txt,4,faciles,True,1057,0.0161,10,OK
4x4/faciles/97.txt,4,faciles,True,1041,0.008,10,OK
4x4/faciles/98.txt,4,faciles,True,1049,0.0088,10,OK
4x4/faciles/99.txt,4,faciles,True,1040,0.0084,10,OK
4x4/faciles/100.txt,4,faciles,True,205,0.0002,6,OK
4x4/medios/1.txt,4,medios,True,1677,0.0469,20,OK
4x4/medios/2.txt,4,medios,True,1105,0.0233,20,OK
4x4/medios/3.txt,4,medios,True,1088,0.0243,16,OK
4x4/medios/4.txt,4,medios,True,1107,0.0183,20,OK
4x4/medios/5.txt,4,medios,True,1401,0.0497,22,OK
4x4/medios/6.txt,4,medios,True,1054,0.0147,18,OK
4x4/medios/7.txt,4,medios,True,1098,0.0171,20,OK
4x4/medios/8.txt,4,medios,True,1584,0.047,20,OK
4x4/medios/9.txt,4,medios,True,1063,0.0141,18,OK
4x4/medios/10.txt,4,medios,True,1073,0.0151,18,OK
4x4/medios/11.txt,4,medios,True,1356,0.0488,20,OK
4x4/medios/12.txt,4,medios,True,1057,0.0145,18,OK
4x4/medios/13.txt,4,medios,True,1082,0.0155,18,OK
4x4/medios/14.txt,4,medios,True,2066,0.0657,22,OK
4x4/medios/15.txt,4,medios,True,1069,0.0085,20,OK
4x4/medios/16.txt,4,medios,True,1052,0.0083,14,OK
4x4/medios/17.txt,4,medios,True,1086,0.0083,20,OK
4x4/medios/18.txt,4,medios,True,1073,0.0151,20,OK
4x4/medios/19.txt,4,medios,True,1068,0.0143,18,OK
4x4/medios/20.txt,4,medios,True,1071,0.0164,12,OK
4x4/medios/21.txt,4,medios,True,1107,0.017,22,OK
4x4/medios/22.txt,4,medios,True,1416,0.0424,20,OK
4x4/medios/23.txt,4,medios,True,1109,0.0181,16,OK
4x4/medios/24.txt,4,medios,True,1072,0.0152,20,OK
4x4/medios/25.txt,4,medios,True,1108,0.0189,20,OK
4x4/medios/26.txt,4,medios,True,1181,0.0272,20,OK
4x4/medios/27.txt,4,medios,True,1755,0.0642,20,OK
4x4/medios/28.txt,4,medios,True,1222,0.0279,18,OK
4x4/medios/29.txt,4,medios,True,1053,0.0164,12,OK
4x4/medios/30.txt,4,medios,True,1167,0.0252,20,OK
4x4/medios/31.txt,4,medios,True,1061,0.0088,20,OK
4x4/medios/32.txt,4,medios,True,1050,0.0159,14,OK
4x4/medios/33.txt,4,medios,True,1132,0.0173,18,OK
4x4/medios/34.txt,4,medios,True,1083,0.0159,16,OK
4x4/medios/35.txt,4,medios,True,1046,0.0163,12,OK
4x4/medios/36.txt,4,medios,True,1087,0.0243,16,OK
4x4/medios/37.txt,4,medios,True,1084,0.0156,18,OK
4x4/medios/38.txt,4,medios,True,1047,0.016,12,OK
4x4/medios/39.txt,4,medios,True,1079,0.0153,20,OK
4x4/medios/40.txt,4,medios,True,1123,0.0333,18,OK
4x4/medios/41.txt,4,medios,True,1095,0.0264,14,OK
4x4/medios/42.txt,4,medios,True,1357,0.0334,22,OK
4x4/medios/43.txt,4,medios,True,1101,0.0174,18,OK
4x4/medios/44.txt,4,medios,True,1054,0.0161,14,OK
4x4/medios/45.txt,4,medios,True,1089,0.0161,16,OK
4x4/medios/46.txt,4,medios,True,1120,0.0165,20,OK
4x4/medios/47.txt,4,medios,True,1062,0.0089,20,OK
4x4/medios/48.txt,4,medios,True,1190,0.0337,18,OK
4x4/medios/49.txt,4,medios,True,1126,0.0191,16,OK
4x4/medios/50.txt,4,medios,True,1320,0.0318,20,OK
4x4/medios/51.txt,4,medios,True,1104,0.0158,20,OK
4x4/medios/52.txt,4,medios,True,1268,0.0357,22,OK
4x4/medios/53.txt,4,medios,True,1106,0.0158,20,OK
4x4/medios/54.txt,4,medios,True,1050,0.0081,16,OK
4x4/medios/55.txt,4,medios,True,1846,0.0569,20,OK
4x4/medios/56.txt,4,medios,True,1185,0.0335,20,OK
4x4/medios/57.txt,4,medios,True,1064,0.0095,8,OK
4x4/medios/58.txt,4,medios,True,1246,0.0356,20,OK
4x4/medios/59.txt,4,medios,True,1157,0.027,20,OK
4x4/medios/60.txt,4,medios,True,1078,0.0151,18,OK
4x4/medios/61.txt,4,medios,True,1062,0.0082,12,OK
4x4/medios/62.txt,4,medios,True,1345,0.0347,20,OK
4x4/medios/63.txt,4,medios,True,1128,0.0098,20,OK
4x4/medios/64.txt,4,medios,True,1077,0.0212,16,OK
4x4/medios/65.txt,4,medios,True,1093,0.0146,20,OK
4x4/medios/66.txt,4,medios,True,1098,0.0157,20,OK
4x4/medios/67.txt,4,medios,True,1089,0.017,20,OK
4x4/medios/68.txt,4,medios,True,1078,0.0244,16,OK
4x4/medios/69.txt,4,medios,True,1072,0.023,16,OK
4x4/medios/70.txt,4,medios,True,2753,0.1087,22,OK
4x4/medios/71.txt,4,medios,True,1121,0.0099,20,OK
4x4/medios/72.txt,4,medios,True,1464,0.042,20,OK
4x4/medios/73.txt,4,medios,True,1388,0.0401,20,OK
4x4/medios/74.txt,4,medios,True,1047,0.0154,14,OK
4x4/medios/75.txt,4,medios,True,1155,0.0301,20,OK
4x4/medios/76.txt,4,medios,True,1573,0.048,20,OK
4x4/medios/77.txt,4,medios,True,1089,0.0245,16,OK
4x4/medios/78.txt,4,medios,True,1109,0.0179,20,OK
4x4/medios/79.txt,4,medios,True,1084,0.0088,20,OK
4x4/medios/80.txt,4,medios,True,1061,0.0086,20,OK
4x4/medios/81.txt,4,medios,True,1225,0.0346,20,OK
4x4/medios/82.txt,4,medios,True,1270,0.0376,20,OK
4x4/medios/83.txt,4,medios,True,1364,0.0327,20,OK
4x4/medios/84.txt,4,medios,True,1059,0.0151,18,OK
4x4/medios/85.txt,4,medios,True,1145,0.0248,20,OK
4x4/medios/86.txt,4,medios,True,1174,0.0185,20,OK
4x4/medios/87.txt,4,medios,True,1325,0.0288,20,OK
4x4/medios/88.txt,4,medios,True,1093,0.0162,18,OK
4x4/medios/89.txt,4,medios,True,1064,0.0143,16,OK
4x4/medios/90.txt,4,medios,True,1113,0.0168,20,OK
4x4/medios/91.txt,4,medios,True,1357,0.0439,18,OK
4x4/medios/92.txt,4,medios,True,1059,0.0164,12,OK
4x4/medios/93.txt,4,medios,True,1072,0.0164,20,OK
4x4/medios/94.txt,4,medios,True,1120,0.0261,16,OK
4x4/medios/95.txt,4,medios,True,1711,0.0623,22,OK
4x4/medios/96.txt,4,medios,True,1137,0.0327,20,OK
4x4/medios/97.txt,4,medios,True,2112,0.0682,20,OK
4x4/medios/98.txt,4,medios,True,1376,0.0415,20,OK
4x4/medios/99.txt,4,medios,True,1056,0.0081,20,OK
4x4/medios/100.txt,4,medios,True,1837,0.0737,22,OK
4x4/dificiles/1.txt,4,dificiles,True,455919,12.483,46,OK
4x4/dificiles/2.txt,4,dificiles,True,15538,0.5044,28,OK
4x4/dificiles/3.txt,4,dificiles,True,223156,6.435,40,OK
4x4/dificiles/4.txt,4,dificiles,True,1182,0.0174,30,OK
4x4/dificiles/5.txt,4,dificiles,True,235406,6.9868,42,OK
4x4/dificiles/6.txt,4,dificiles,True,91534,2.791,32,OK
4x4/dificiles/7.txt,4,dificiles,True,1216,0.0268,26,OK
4x4/dificiles/8.txt,4,dificiles,True,10044,0.317,34,OK
4x4/dificiles/9.txt,4,dificiles,True,19110,0.5398,40,OK
4x4/dificiles/10.txt,4,dificiles,False,1042531,26.5116,0,timeout_or_limit
4x4/dificiles/11.txt,4,dificiles,True,2117,0.053,30,OK
4x4/dificiles/12.txt,4,dificiles,True,7312,0.2103,34,OK
4x4/dificiles/13.txt,4,dificiles,True,4261,0.1281,34,OK
4x4/dificiles/14.txt,4,dificiles,True,19112,0.5186,40,OK
4x4/dificiles/15.txt,4,dificiles,True,22753,0.6156,40,OK
4x4/dificiles/16.txt,4,dificiles,True,15734,0.4693,32,OK
4x4/dificiles/17.txt,4,dificiles,True,34494,1.0514,40,OK
4x4/dificiles/18.txt,4,dificiles,True,2380,0.0693,30,OK
4x4/dificiles/19.txt,4,dificiles,True,637738,18.8589,42,OK
4x4/dificiles/20.txt,4,dificiles,True,27683,0.7726,42,OK
4x4/dificiles/21.txt,4,dificiles,True,7205,0.2038,34,OK
4x4/dificiles/22.txt,4,dificiles,True,75212,2.4605,32,OK
4x4/dificiles/23.txt,4,dificiles,True,65478,2.0205,34,OK
4x4/dificiles/24.txt,4,dificiles,True,11719,0.3482,36,OK
4x4/dificiles/25.txt,4,dificiles,True,42655,1.1939,40,OK
4x4/dificiles/26.txt,4,dificiles,True,342913,9.9312,40,OK
4x4/dificiles/27.txt,4,dificiles,True,1846,0.0555,30,OK
4x4/dificiles/28.txt,4,dificiles,True,241485,7.4306,34,OK
4x4/dificiles/29.txt,4,dificiles,True,1217,0.0266,26,OK
4x4/dificiles/30.txt,4,dificiles,True,21466,0.6134,36,OK
4x4/dificiles/31.txt,4,dificiles,True,6733,0.2222,30,OK
4x4/dificiles/32.txt,4,dificiles,True,2088,0.0603,30,OK
4x4/dificiles/33.txt,4,dificiles,True,2757,0.0827,30,OK
4x4/dificiles/34.txt,4,dificiles,True,239451,7.2881,36,OK
4x4/dificiles/35.txt,4,dificiles,True,88957,2.5364,42,OK
4x4/dificiles/36.txt,4,dificiles,True,143013,4.3464,36,OK
4x4/dificiles/37.txt,4,dificiles,True,6256,0.1824,36,OK
4x4/dificiles/38.txt,4,dificiles,True,268869,8.2777,40,OK
4x4/dificiles/39.txt,4,dificiles,True,9968,0.3335,30,OK
4x4/dificiles/40.txt,4,dificiles,True,122327,3.4543,42,OK
4x4/dificiles/41.txt,4,dificiles,True,61678,1.9975,38,OK
4x4/dificiles/42.txt,4,dificiles,True,196472,4.9045,46,OK
4x4/dificiles/43.txt,4,dificiles,True,186139,5.3476,38,OK
4x4/dificiles/44.txt,4,dificiles,True,230018,6.9671,40,OK
4x4/dificiles/45.txt,4,dificiles,True,201314,5.6412,36,OK
4x4/dificiles/46.txt,4,dificiles,True,6670,0.2232,30,OK
4x4/dificiles/47.txt,4,dificiles,True,2444,0.072,30,OK
4x4/dificiles/48.txt,4,dificiles,True,3032,0.0849,28,OK
4x4/dificiles/49.txt,4,dificiles,True,3689,0.1127,28,OK
4x4/dificiles/50.txt,4,dificiles,True,64611,1.708,38,OK
4x4/dificiles/51.txt,4,dificiles,True,128424,3.8253,38,OK
4x4/dificiles/52.txt,4,dificiles,True,17612,0.5716,30,OK
4x4/dificiles/53.txt,4,dificiles,True,79269,2.3314,40,OK
4x4/dificiles/54.txt,4,dificiles,True,178721,5.8647,38,OK
4x4/dificiles/55.txt,4,dificiles,True,282122,8.1001,40,OK
4x4/dificiles/56.txt,4,dificiles,True,53664,1.7064,34,OK
4x4/dificiles/57.txt,4,dificiles,True,5290,0.2136,26,OK
4x4/dificiles/58.txt,4,dificiles,True,23798,0.7188,36,OK
4x4/dificiles/59.txt,4,dificiles,True,15655,0.5447,30,OK
4x4/dificiles/60.txt,4,dificiles,False,1007402,24.5817,0,timeout_or_limit
4x4/dificiles/61.txt,4,dificiles,False,1000030,27.8515,0,timeout_or_limit
4x4/dificiles/62.txt,4,dificiles,True,151808,4.7643,36,OK
4x4/dificiles/63.txt,4,dificiles,True,69762,1.9668,40,OK
4x4/dificiles/64.txt,4,dificiles,True,12044,0.4103,32,OK
4x4/dificiles/65.txt,4,dificiles,True,114606,3.7395,32,OK
4x4/dificiles/66.txt,4,dificiles,True,4223,0.1306,32,OK
4x4/dificiles/67.txt,4,dificiles,True,278674,8.2722,38,OK
4x4/dificiles/68.txt,4,dificiles,True,115547,3.2436,38,OK
4x4/dificiles/69.txt,4,dificiles,True,3833,0.1158,34,OK
4x4/dificiles/70.txt,4,dificiles,True,1209,0.0203,26,OK
4x4/dificiles/71.txt,4,dificiles,True,37827,0.9781,40,OK
4x4/dificiles/72.txt,4,dificiles,True,5013,0.1404,34,OK
4x4/dificiles/73.txt,4,dificiles,True,13988,0.4628,32,OK
4x4/dificiles/74.txt,4,dificiles,True,12424,0.3621,36,OK
4x4/dificiles/75.txt,4,dificiles,False,1001482,24.1548,0,timeout_or_limit
4x4/dificiles/76.txt,4,dificiles,False,1004088,29.0116,0,timeout_or_limit
4x4/dificiles/77.txt,4,dificiles,True,20316,0.6498,30,OK
4x4/dificiles/78.txt,4,dificiles,True,174945,5.3654,34,OK
4x4/dificiles/79.txt,4,dificiles,True,295806,8.6177,38,OK
4x4/dificiles/80.txt,4,dificiles,True,125747,3.4261,40,OK
4x4/dificiles/81.txt,4,dificiles,True,41440,1.163,38,OK
4x4/dificiles/82.txt,4,dificiles,True,3005,0.0893,28,OK
4x4/dificiles/83.txt,4,dificiles,True,213879,6.2306,40,OK
4x4/dificiles/84.txt,4,dificiles,True,29914,0.8953,36,OK
4x4/dificiles/85.txt,4,dificiles,True,6204,0.2254,26,OK
4x4/dificiles/86.txt,4,dificiles,True,12597,0.4446,34,OK
4x4/dificiles/87.txt,4,dificiles,False,1025542,28.073,0,timeout_or_limit
4x4/dificiles/88.txt,4,dificiles,True,1182,0.0192,20,OK
4x4/dificiles/89.txt,4,dificiles,True,2350,0.057,42,OK
4x4/dificiles/90.txt,4,dificiles,False,1004509,31.0664,0,timeout_or_limit
4x4/dificiles/91.txt,4,dificiles,True,2635,0.082,34,OK
4x4/dificiles/92.txt,4,dificiles,True,4310,0.1219,28,OK
4x4/dificiles/93.txt,4,dificiles,True,368800,11.5288,34,OK
4x4/dificiles/94.txt,4,dificiles,True,882619,23.6263,44,OK
4x4/dificiles/95.txt,4,dificiles,True,5407,0.1654,34,OK
4x4/dificiles/96.txt,4,dificiles,True,45096,1.1597,38,OK
4x4/dificiles/97.txt,4,dificiles,True,66624,2.0115,34,OK
4x4/dificiles/98.txt,4,dificiles,True,399848,12.6225,40,OK
4x4/dificiles/99.txt,4,dificiles,True,91940,2.3441,42,OK
4x4/dificiles/100.txt,4,dificiles,True,25591,0.7915,34,OK
5x5/faciles/1.txt,5,faciles,True,1172,0.0157,10,OK
5x5/faciles/2.txt,5,faciles,True,1186,0.0167,10,OK
5x5/faciles/3.txt,5,faciles,True,1144,0.0283,10,OK
5x5/faciles/4.txt,5,faciles,True,1185,0.0161,8,OK
5x5/faciles/5.txt,5,faciles,True,1176,0.0318,10,OK
5x5/faciles/6.txt,5,faciles,True,1176,0.0294,10,OK
5x5/faciles/7.txt,5,faciles,True,1144,0.0151,8,OK
5x5/faciles/8.txt,5,faciles,True,1174,0.0158,10,OK
5x5/faciles/9.txt,5,faciles,True,9,0.0,2,OK
5x5/faciles/10.txt,5,faciles,True,1144,0.0284,10,OK
5x5/faciles/11.txt,5,faciles,True,1148,0.0283,10,OK
5x5/faciles/12.txt,5,faciles,True,1185,0.0173,10,OK
5x5/faciles/13.txt,5,faciles,True,1173,0.0296,10,OK
5x5/faciles/14.txt,5,faciles,True,1177,0.0298,10,OK
5x5/faciles/15.txt,5,faciles,True,1174,0.0315,10,OK
5x5/faciles/16.txt,5,faciles,True,1148,0.029,10,OK
5x5/faciles/17.txt,5,faciles,True,1147,0.0162,8,OK
5x5/faciles/18.txt,5,faciles,True,1186,0.0164,10,OK
5x5/faciles/19.txt,5,faciles,True,1144,0.0286,10,OK
5x5/faciles/20.txt,5,faciles,True,1144,0.0306,10,OK
5x5/faciles/21.txt,5,faciles,True,1148,0.0265,10,OK
5x5/faciles/22.txt,5,faciles,True,1150,0.0305,10,OK
5x5/faciles/23.txt,5,faciles,True,1150,0.0311,10,OK
5x5/faciles/24.txt,5,faciles,True,1149,0.0305,10,OK
5x5/faciles/25.txt,5,faciles,True,1188,0.0308,10,OK
5x5/faciles/26.txt,5,faciles,True,1148,0.031,10,OK
5x5/faciles/27.txt,5,faciles,True,1177,0.0319,10,OK
5x5/faciles/28.txt,5,faciles,True,1176,0.0313,10,OK
5x5/faciles/29.txt,5,faciles,True,1186,0.0165,10,OK
5x5/faciles/30.txt,5,faciles,True,1148,0.0283,10,OK
5x5/faciles/31.txt,5,faciles,True,1150,0.0288,10,OK
5x5/faciles/32.txt,5,faciles,True,1174,0.0164,10,OK
5x5/faciles/33.txt,5,faciles,True,1176,0.0318,10,OK
5x5/faciles/34.txt,5,faciles,True,219,0.0002,6,OK
5x5/faciles/35.txt,5,faciles,True,1186,0.0168,10,OK
5x5/faciles/36.txt,5,faciles,True,1144,0.0288,10,OK
5x5/faciles/37.txt,5,faciles,True,1176,0.0319,10,OK
5x5/faciles/38.txt,5,faciles,True,1148,0.0304,10,OK
5x5/faciles/39.txt,5,faciles,True,1176,0.0313,10,OK
5x5/faciles/40.txt,5,faciles,True,1144,0.0312,10,OK
5x5/faciles/41.txt,5,faciles,True,1173,0.0322,10,OK
5x5/faciles/42.txt,5,faciles,True,1148,0.0282,10,OK
5x5/faciles/43.txt,5,faciles,True,1187,0.0324,10,OK
5x5/faciles/44.txt,5,faciles,True,1185,0.016,8,OK
5x5/faciles/45.txt,5,faciles,True,1173,0.0323,10,OK
5x5/faciles/46.txt,5,faciles,True,1150,0.031,10,OK
5x5/faciles/47.txt,5,faciles,True,1149,0.0307,10,OK
5x5/faciles/48.txt,5,faciles,True,1188,0.0309,10,OK
5x5/faciles/49.txt,5,faciles,True,1174,0.0324,10,OK
5x5/faciles/50.txt,5,faciles,True,1186,0.0161,10,OK
5x5/faciles/51.txt,5,faciles,True,1147,0.0281,10,OK
5x5/faciles/52.txt,5,faciles,True,1148,0.0291,10,OK
5x5/faciles/53.txt,5,faciles,True,1174,0.0157,10,OK
5x5/faciles/54.txt,5,faciles,True,1147,0.0282,10,OK
5x5/faciles/55.txt,5,faciles,True,1173,0.0297,10,OK
5x5/faciles/56.txt,5,faciles,True,1174,0.0301,10,OK
5x5/faciles/57.txt,5,faciles,True,1150,0.0287,10,OK
5x5/faciles/58.txt,5,faciles,True,1148,0.0308,10,OK
5x5/faciles/59.txt,5,faciles,True,1177,0.0296,10,OK
5x5/faciles/60.txt,5,faciles,True,1186,0.0158,10,OK
5x5/faciles/61.txt,5,faciles,True,1150,0.0283,10,OK
5x5/faciles/62.txt,5,faciles,True,1173,0.0318,10,OK
5x5/faciles/63.txt,5,faciles,True,1176,0.0291,10,OK
5x5/faciles/64.txt,5,faciles,True,1144,0.0283,10,OK
5x5/faciles/65.txt,5,faciles,True,1144,0.0162,8,OK
5x5/faciles/66.txt,5,faciles,True,1144,0.0289,10,OK
5x5/faciles/67.txt,5,faciles,True,1148,0.0308,10,OK
5x5/faciles/68.txt,5,faciles,True,1177,0.0317,10,OK
5x5/faciles/69.txt,5,faciles,True,1174,0.0157,10,OK
5x5/faciles/70.txt,5,faciles,True,1186,0.0153,10,OK
5x5/faciles/71.txt,5,faciles,True,1149,0.0306,10,OK
5x5/faciles/72.txt,5,faciles,True,1177,0.0301,10,OK
5x5/faciles/73.txt,5,faciles,True,1177,0.0318,10,OK
5x5/faciles/74.txt,5,faciles,True,1177,0.0322,10,OK
5x5/faciles/75.txt,5,faciles,True,1185,0.0172,10,OK
5x5/faciles/76.txt,5,faciles,True,1147,0.0305,10,OK
5x5/faciles/77.txt,5,faciles,True,1150,0.0308,10,OK
5x5/faciles/78.txt,5,faciles,True,1188,0.0311,10,OK
5x5/faciles/79.txt,5,faciles,True,1186,0.0164,10,OK
5x5/faciles/80.txt,5,faciles,True,1152,0.0288,10,OK
5x5/faciles/81.txt,5,faciles,True,1188,0.0327,10,OK
5x5/faciles/82.txt,5,faciles,True,1148,0.0308,10,OK
5x5/faciles/83.txt,5,faciles,True,14,0.0,2,OK
5x5/faciles/84.txt,5,faciles,True,1144,0.0308,10,OK
5x5/faciles/85.txt,5,faciles,True,1173,0.0318,10,OK
5x5/faciles/86.txt,5,faciles,True,1144,0.0305,10,OK
5x5/faciles/87.txt,5,faciles,True,1174,0.0324,10,OK
5x5/faciles/88.txt,5,faciles,True,1150,0.0293,10,OK
5x5/faciles/89.txt,5,faciles,True,1173,0.0302,10,OK
5x5/faciles/90.txt,5,faciles,True,1150,0.0307,10,OK
5x5/faciles/91.txt,5,faciles,True,1150,0.0283,10,OK
5x5/faciles/92.txt,5,faciles,True,1147,0.0288,10,OK
5x5/faciles/93.txt,5,faciles,True,1148,0.0283,10,OK
5x5/faciles/94.txt,5,faciles,True,1187,0.0303,10,OK
5x5/faciles/95.txt,5,faciles,True,1174,0.0318,10,OK
5x5/faciles/96.txt,5,faciles,True,1173,0.0318,10,OK
5x5/faciles/97.txt,5,faciles,True,1144,0.0308,10,OK
5x5/faciles/98.txt,5,faciles,True,1147,0.0281,10,OK
5x5/faciles/99.txt,5,faciles,True,1174,0.0323,10,OK
5x5/faciles/100.txt,5,faciles,True,1171,0.0166,10,OK
5x5/medios/1.txt,5,medios,True,1315,0.0928,18,OK
5x5/medios/2.txt,5,medios,True,1181,0.0171,20,OK
5x5/medios/3.txt,5,medios,True,1239,0.0469,20,OK
5x5/medios/4.txt,5,medios,True,1323,0.0799,20,OK
5x5/medios/5.txt,5,medios,True,1200,0.045,20,OK
5x5/medios/6.txt,5,medios,True,1219,0.034,18,OK
5x5/medios/7.txt,5,medios,True,1820,0.1107,20,OK
5x5/medios/8.txt,5,medios,True,1309,0.0508,20,OK
5x5/medios/9.txt,5,medios,True,1228,0.0174,20,OK
5x5/medios/10.txt,5,medios,True,1211,0.0318,20,OK
5x5/medios/11.txt,5,medios,True,1167,0.0292,20,OK
5x5/medios/12.txt,5,medios,True,1179,0.0165,20,OK
5x5/medios/13.txt,5,medios,True,1211,0.045,20,OK
5x5/medios/14.txt,5,medios,True,1284,0.0615,20,OK
5x5/medios/15.txt,5,medios,True,1192,0.0436,20,OK
5x5/medios/16.txt,5,medios,True,1203,0.0165,20,OK
5x5/medios/17.txt,5,medios,True,1808,0.1009,20,OK
5x5/medios/18.txt,5,medios,True,1235,0.0508,18,OK
5x5/medios/19.txt,5,medios,True,1280,0.0496,20,OK
5x5/medios/20.txt,5,medios,True,1161,0.0291,16,OK
5x5/medios/21.txt,5,medios,True,1221,0.0421,20,OK
5x5/medios/22.txt,5,medios,True,1215,0.0317,20,OK
5x5/medios/23.txt,5,medios,True,1157,0.0151,20,OK
5x5/medios/24.txt,5,medios,True,1214,0.0321,20,OK
5x5/medios/25.txt,5,medios,True,1200,0.0157,20,OK
5x5/medios/26.txt,5,medios,True,1237,0.0305,20,OK
5x5/medios/27.txt,5,medios,True,1212,0.0287,20,OK
5x5/medios/28.txt,5,medios,True,1254,0.0562,20,OK
5x5/medios/29.txt,5,medios,True,1203,0.0299,20,OK
5x5/medios/30.txt,5,medios,True,1218,0.0415,20,OK
5x5/medios/31.txt,5,medios,True,1302,0.0634,20,OK
5x5/medios/32.txt,5,medios,True,1317,0.0373,20,OK
5x5/medios/33.txt,5,medios,True,1268,0.0324,20,OK
5x5/medios/34.txt,5,medios,True,1174,0.0295,18,OK
5x5/medios/35.txt,5,medios,True,1230,0.0326,20,OK
5x5/medios/36.txt,5,medios,True,1225,0.0319,20,OK
5x5/medios/37.txt,5,medios,True,1207,0.0314,18,OK
5x5/medios/38.txt,5,medios,True,1187,0.0306,16,OK
5x5/medios/39.txt,5,medios,True,1276,0.0526,20,OK
5x5/medios/40.txt,5,medios,True,1189,0.0167,12,OK
5x5/medios/41.txt,5,medios,True,1195,0.015,20,OK
5x5/medios/42.txt,5,medios,True,1651,0.1517,18,OK
5x5/medios/43.txt,5,medios,True,1082,0.0012,8,OK
5x5/medios/44.txt,5,medios,True,1165,0.0156,20,OK
5x5/medios/45.txt,5,medios,True,1236,0.0435,20,OK
5x5/medios/46.txt,5,medios,True,1184,0.0144,18,OK
5x5/medios/47.txt,5,medios,True,1216,0.0326,20,OK
5x5/medios/48.txt,5,medios,True,1378,0.0537,20,OK
5x5/medios/49.txt,5,medios,True,1177,0.0319,12,OK
5x5/medios/50.txt,5,medios,True,1235,0.0436,20,OK
5x5/medios/51.txt,5,medios,True,1226,0.0322,20,OK
5x5/medios/52.txt,5,medios,True,1335,0.0552,20,OK
5x5/medios/53.txt,5,medios,True,1296,0.0343,20,OK
5x5/medios/54.txt,5,medios,True,1471,0.0689,22,OK
5x5/medios/55.txt,5,medios,True,1389,0.0742,20,OK
5x5/medios/56.txt,5,medios,True,1452,0.0787,18,OK
5x5/medios/57.txt,5,medios,True,1205,0.0441,20,OK
5x5/medios/58.txt,5,medios,True,1210,0.0172,20,OK
5x5/medios/59.txt,5,medios,True,1220,0.0164,20,OK
5x5/medios/60.txt,5,medios,True,1165,0.0155,20,OK
5x5/medios/61.txt,5,medios,True,1211,0.0334,20,OK
5x5/medios/62.txt,5,medios,True,1159,0.0157,14,OK
5x5/medios/63.txt,5,medios,True,1225,0.0469,18,OK
5x5/medios/64.txt,5,medios,True,1168,0.0298,16,OK
5x5/medios/65.txt,5,medios,True,1705,0.0934,20,OK
5x5/medios/66.txt,5,medios,True,1227,0.0491,20,OK
5x5/medios/67.txt,5,medios,True,1227,0.0319,20,OK
5x5/medios/68.txt,5,medios,True,1199,0.0278,20,OK
5x5/medios/69.txt,5,medios,True,1189,0.0161,20,OK
5x5/medios/70.txt,5,medios,True,1222,0.0174,20,OK
5x5/medios/71.txt,5,medios,True,1212,0.0323,20,OK
5x5/medios/72.txt,5,medios,True,1192,0.0318,16,OK
5x5/medios/73.txt,5,medios,True,1225,0.0303,20,OK
5x5/medios/74.txt,5,medios,True,1548,0.0842,20,OK
5x5/medios/75.txt,5,medios,True,1202,0.0308,18,OK
5x5/medios/76.txt,5,medios,True,1228,0.035,20,OK
5x5/medios/77.txt,5,medios,True,1186,0.0326,20,OK
5x5/medios/78.txt,5,medios,True,1343,0.071,20,OK
5x5/medios/79.txt,5,medios,True,1186,0.0271,20,OK
5x5/medios/80.txt,5,medios,True,1184,0.0283,20,OK
5x5/medios/81.txt,5,medios,True,1324,0.0361,20,OK
5x5/medios/82.txt,5,medios,True,1232,0.0493,20,OK
5x5/medios/83.txt,5,medios,True,1193,0.0311,20,OK
5x5/medios/84.txt,5,medios,True,1224,0.0466,20,OK
5x5/medios/85.txt,5,medios,True,1163,0.016,16,OK
5x5/medios/86.txt,5,medios,True,1219,0.0333,20,OK
5x5/medios/87.txt,5,medios,True,1168,0.0158,20,OK
5x5/medios/88.txt,5,medios,True,1190,0.0331,16,OK
5x5/medios/89.txt,5,medios,True,1208,0.0477,20,OK
5x5/medios/90.txt,5,medios,True,1315,0.0496,20,OK
5x5/medios/91.txt,5,medios,True,1198,0.0164,16,OK
5x5/medios/92.txt,5,medios,True,1222,0.0313,20,OK
5x5/medios/93.txt,5,medios,True,1173,0.0322,10,OK
5x5/medios/94.txt,5,medios,True,1236,0.0447,20,OK
5x5/medios/95.txt,5,medios,True,1191,0.0327,12,OK
5x5/medios/96.txt,5,medios,True,1182,0.0157,20,OK
5x5/medios/97.txt,5,medios,True,1452,0.0587,20,OK
5x5/medios/98.txt,5,medios,True,1256,0.0343,20,OK
5x5/medios/99.txt,5,medios,True,1354,0.0726,20,OK
5x5/medios/100.txt,5,medios,True,1212,0.0313,20,OK
5x5/dificiles/1.txt,5,dificiles,True,2617,0.1034,42,OK
5x5/dificiles/2.txt,5,dificiles,True,168044,9.1334,40,OK
5x5/dificiles/3.txt,5,dificiles,False,1102530,54.6401,0,timeout_or_limit
5x5/dificiles/4.txt,5,dificiles,True,77969,4.2281,40,OK
5x5/dificiles/5.txt,5,dificiles,False,1002843,50.3102,0,timeout_or_limit
5x5/dificiles/6.txt,5,dificiles,True,151248,7.379,42,OK
5x5/dificiles/7.txt,5,dificiles,True,6558,0.3095,40,OK
5x5/dificiles/8.txt,5,dificiles,True,15071,0.782,34,OK
5x5/dificiles/9.txt,5,dificiles,True,10338,0.54,36,OK
5x5/dificiles/10.txt,5,dificiles,True,71354,3.6525,46,OK
5x5/dificiles/11.txt,5,dificiles,True,67041,3.7255,38,OK
5x5/dificiles/12.txt,5,dificiles,True,37574,1.8303,44,OK
5x5/dificiles/13.txt,5,dificiles,True,313499,15.5163,50,OK
5x5/dificiles/14.txt,5,dificiles,True,5861,0.2737,42,OK
5x5/dificiles/15.txt,5,dificiles,True,30611,1.6695,44,OK
5x5/dificiles/16.txt,5,dificiles,True,82100,4.441,46,OK
5x5/dificiles/17.txt,5,dificiles,True,131568,6.6666,48,OK
5x5/dificiles/18.txt,5,dificiles,True,8095,0.4212,42,OK
5x5/dificiles/19.txt,5,dificiles,True,13681,0.6851,44,OK
5x5/dificiles/20.txt,5,dificiles,True,2961,0.1651,36,OK
5x5/dificiles/21.txt,5,dificiles,True,65563,3.1147,40,OK
5x5/dificiles/22.txt,5,dificiles,False,1002046,51.3031,0,timeout_or_limit
5x5/dificiles/23.txt,5,dificiles,True,56433,3.0646,36,OK
5x5/dificiles/24.txt,5,dificiles,True,95683,4.8276,44,OK
5x5/dificiles/25.txt,5,dificiles,True,394588,20.3599,44,OK
5x5/dificiles/26.txt,5,dificiles,True,26138,1.2873,44,OK
5x5/dificiles/27.txt,5,dificiles,True,202028,10.1598,48,OK
5x5/dificiles/28.txt,5,dificiles,True,4429,0.2001,40,OK
5x5/dificiles/29.txt,5,dificiles,True,282501,15.6195,44,OK
5x5/dificiles/30.txt,5,dificiles,True,788865,40.0458,46,OK
5x5/dificiles/31.txt,5,dificiles,True,38914,2.0906,38,OK
5x5/dificiles/32.txt,5,dificiles,True,29383,1.6075,40,OK
5x5/dificiles/33.txt,5,dificiles,True,849760,39.0084,46,OK
5x5/dificiles/34.txt,5,dificiles,True,101557,5.3398,44,OK
5x5/dificiles/35.txt,5,dificiles,True,97595,5.3625,40,OK
5x5/dificiles/36.txt,5,dificiles,True,6190,0.297,38,OK
5x5/dificiles/37.txt,5,dificiles,True,3465,0.1449,46,OK
5x5/dificiles/38.txt,5,dificiles,False,1020148,45.3192,0,timeout_or_limit
5x5/dificiles/39.txt,5,dificiles,True,33205,1.558,50,OK
5x5/dificiles/40.txt,5,dificiles,True,40696,2.1869,44,OK
5x5/dificiles/41.txt,5,dificiles,True,786735,37.7264,46,OK
5x5/dificiles/42.txt,5,dificiles,True,1480,0.0454,30,OK
5x5/dificiles/43.txt,5,dificiles,True,12207,0.6426,40,OK
5x5/dificiles/44.txt,5,dificiles,True,24011,1.218,42,OK
5x5/dificiles/45.txt,5,dificiles,True,121481,5.7615,46,OK
5x5/dificiles/46.txt,5,dificiles,True,47249,2.1987,44,OK
5x5/dificiles/47.txt,5,dificiles,True,8306,0.4164,38,OK
5x5/dificiles/48.txt,5,dificiles,True,166530,8.4071,50,OK
5x5/dificiles/49.txt,5,dificiles,True,104717,6.0417,44,OK
5x5/dificiles/50.txt,5,dificiles,True,11691,0.598,40,OK
5x5/dificiles/51.txt,5,dificiles,True,159038,8.25,44,OK
5x5/dificiles/52.txt,5,dificiles,True,5981,0.2781,34,OK
5x5/dificiles/53.txt,5,dificiles,True,110227,5.5143,46,OK
5x5/dificiles/54.txt,5,dificiles,True,44146,1.9967,46,OK
5x5/dificiles/55.txt,5,dificiles,True,6812,0.3467,38,OK
5x5/dificiles/56.txt,5,dificiles,True,1546,0.0433,42,OK
5x5/dificiles/57.txt,5,dificiles,True,9282,0.4175,38,OK
5x5/dificiles/58.txt,5,dificiles,True,302969,14.8037,42,OK
5x5/dificiles/59.txt,5,dificiles,True,30603,1.4694,48,OK
5x5/dificiles/60.txt,5,dificiles,True,131320,6.9335,44,OK
5x5/dificiles/61.txt,5,dificiles,True,35147,1.7519,42,OK
5x5/dificiles/62.txt,5,dificiles,False,1009067,54.2255,0,timeout_or_limit
5x5/dificiles/63.txt,5,dificiles,True,1284,0.0198,30,OK
5x5/dificiles/64.txt,5,dificiles,True,11156,0.5652,34,OK
5x5/dificiles/65.txt,5,dificiles,True,12050,0.6365,38,OK
5x5/dificiles/66.txt,5,dificiles,True,37762,1.8448,48,OK
5x5/dificiles/67.txt,5,dificiles,True,3551,0.1806,34,OK
5x5/dificiles/68.txt,5,dificiles,True,67989,3.5663,44,OK
5x5/dificiles/69.txt,5,dificiles,True,57071,2.9369,40,OK
5x5/dificiles/70.txt,5,dificiles,True,248499,12.8999,40,OK
5x5/dificiles/71.txt,5,dificiles,True,5182,0.2476,44,OK
5x5/dificiles/72.txt,5,dificiles,True,10304,0.523,38,OK
5x5/dificiles/73.txt,5,dificiles,True,28404,1.5987,34,OK
5x5/dificiles/74.txt,5,dificiles,True,27395,1.3066,48,OK
5x5/dificiles/75.txt,5,dificiles,True,2508,0.125,30,OK
5x5/dificiles/76.txt,5,dificiles,True,542976,25.2364,44,OK
5x5/dificiles/77.txt,5,dificiles,True,13476,0.6701,40,OK
5x5/dificiles/78.txt,5,dificiles,True,19279,1.0919,34,OK
5x5/dificiles/79.txt,5,dificiles,True,333046,18.5842,46,OK
5x5/dificiles/80.txt,5,dificiles,True,17049,0.8989,42,OK
5x5/dificiles/81.txt,5,dificiles,True,65721,3.5045,34,OK
5x5/dificiles/82.txt,5,dificiles,True,1384,0.0656,28,OK
5x5/dificiles/83.txt,5,dificiles,True,9558,0.5623,36,OK
5x5/dificiles/84.txt,5,dificiles,True,8951,0.4846,34,OK
5x5/dificiles/85.txt,5,dificiles,True,1694,0.064,40,OK
5x5/dificiles/86.txt,5,dificiles,True,52546,2.6164,42,OK
5x5/dificiles/87.txt,5,dificiles,True,156180,7.7739,42,OK
5x5/dificiles/88.txt,5,dificiles,True,14202,0.6592,42,OK
5x5/dificiles/89.txt,5,dificiles,True,1607,0.0496,40,OK
5x5/dificiles/90.txt,5,dificiles,True,162301,7.9255,44,OK
5x5/dificiles/91.txt,5,dificiles,True,726510,32.7443,48,OK
5x5/dificiles/92.txt,5,dificiles,True,106039,5.1649,46,OK
5x5/dificiles/93.txt,5,dificiles,True,12974,0.6172,44,OK
5x5/dificiles/94.txt,5,dificiles,True,881336,41.458,44,OK
5x5/dificiles/95.txt,5,dificiles,True,15761,0.897,36,OK
5x5/dificiles/96.txt,5,dificiles,True,4496,0.1951,38,OK
5x5/dificiles/97.txt,5,dificiles,True,88110,4.7814,42,OK
5x5/dificiles/98.txt,5,dificiles,True,46550,2.6498,42,OK
5x5/dificiles/99.txt,5,dificiles,True,38765,1.7234,46,OK
5x5/dificiles/100.txt,5,dificiles,True,94829,4.8965,46,OK
6x6/faciles/1.txt,6,faciles,True,1271,0.0518,10,OK
6x6/faciles/2.txt,6,faciles,True,1280,0.0267,10,OK
6x6/faciles/3.txt,6,faciles,True,1245,0.0465,10,OK
6x6/faciles/4.txt,6,faciles,True,1283,0.054,10,OK
6x6/faciles/5.txt,6,faciles,True,1277,0.0503,10,OK
6x6/faciles/6.txt,6,faciles,True,1282,0.052,10,OK
6x6/faciles/7.txt,6,faciles,True,1271,0.0523,10,OK
6x6/faciles/8.txt,6,faciles,True,1274,0.0268,8,OK
6x6/faciles/9.txt,6,faciles,True,1248,0.0505,10,OK
6x6/faciles/10.txt,6,faciles,True,1243,0.0463,10,OK
6x6/faciles/11.txt,6,faciles,True,1268,0.0521,10,OK
6x6/faciles/12.txt,6,faciles,True,1269,0.0479,10,OK
6x6/faciles/13.txt,6,faciles,True,1269,0.052,10,OK
6x6/faciles/14.txt,6,faciles,True,1245,0.0467,10,OK
6x6/faciles/15.txt,6,faciles,True,1277,0.0493,10,OK
6x6/faciles/16.txt,6,faciles,True,1240,0.0497,10,OK
6x6/faciles/17.txt,6,faciles,True,1246,0.0475,10,OK
6x6/faciles/18.txt,6,faciles,True,1245,0.0501,10,OK
6x6/faciles/19.txt,6,faciles,True,1114,0.0014,8,OK
6x6/faciles/20.txt,6,faciles,True,1248,0.0511,10,OK
6x6/faciles/21.txt,6,faciles,True,1277,0.0521,10,OK
6x6/faciles/22.txt,6,faciles,True,1271,0.0524,10,OK
6x6/faciles/23.txt,6,faciles,True,1245,0.051,10,OK
6x6/faciles/24.txt,6,faciles,True,1277,0.0493,10,OK
6x6/faciles/25.txt,6,faciles,True,1241,0.0499,10,OK
6x6/faciles/26.txt,6,faciles,True,1269,0.0478,10,OK
6x6/faciles/27.txt,6,faciles,True,1280,0.0247,10,OK
6x6/faciles/28.txt,6,faciles,True,1278,0.0523,10,OK
6x6/faciles/29.txt,6,faciles,True,1242,0.0464,10,OK
6x6/faciles/30.txt,6,faciles,True,1272,0.0523,10,OK
6x6/faciles/31.txt,6,faciles,True,1274,0.0274,10,OK
6x6/faciles/32.txt,6,faciles,True,1280,0.0266,10,OK
6x6/faciles/33.txt,6,faciles,True,1269,0.0516,10,OK
6x6/faciles/34.txt,6,faciles,True,1271,0.0533,10,OK
6x6/faciles/35.txt,6,faciles,True,1269,0.0527,10,OK
6x6/faciles/36.txt,6,faciles,True,1271,0.0521,10,OK
6x6/faciles/37.txt,6,faciles,True,1225,0.0489,10,OK
6x6/faciles/38.txt,6,faciles,True,1280,0.0264,10,OK
6x6/faciles/39.txt,6,faciles,True,1248,0.0471,10,OK
6x6/faciles/40.txt,6,faciles,True,1272,0.0531,10,OK
6x6/faciles/41.txt,6,faciles,True,1274,0.0519,10,OK
6x6/faciles/42.txt,6,faciles,True,1245,0.05,10,OK
6x6/faciles/43.txt,6,faciles,True,1269,0.0521,10,OK
6x6/faciles/44.txt,6,faciles,True,1261,0.0271,8,OK
6x6/faciles/45.txt,6,faciles,True,1271,0.0523,10,OK
6x6/faciles/46.txt,6,faciles,True,1275,0.0275,10,OK
6x6/faciles/47.txt,6,faciles,True,1277,0.0493,10,OK
6x6/faciles/48.txt,6,faciles,True,1269,0.0486,10,OK
6x6/faciles/49.txt,6,faciles,True,1278,0.0522,10,OK
6x6/faciles/50.txt,6,faciles,True,1276,0.0523,10,OK
6x6/faciles/51.txt,6,faciles,True,1266,0.0522,10,OK
6x6/faciles/52.txt,6,faciles,True,1277,0.052,10,OK
6x6/faciles/53.txt,6,faciles,True,1269,0.0519,10,OK
6x6/faciles/54.txt,6,faciles,True,1246,0.0509,10,OK
6x6/faciles/55.txt,6,faciles,True,1278,0.0528,10,OK
6x6/faciles/56.txt,6,faciles,True,1246,0.05,10,OK
6x6/faciles/57.txt,6,faciles,True,1277,0.0493,10,OK
6x6/faciles/58.txt,6,faciles,True,1280,0.0262,10,OK
6x6/faciles/59.txt,6,faciles,True,1246,0.0509,10,OK
6x6/faciles/60.txt,6,faciles,True,1280,0.0268,10,OK
6x6/faciles/61.txt,6,faciles,True,1277,0.049,10,OK
6x6/faciles/62.txt,6,faciles,True,1249,0.0503,10,OK
6x6/faciles/63.txt,6,faciles,True,1276,0.0518,10,OK
6x6/faciles/64.txt,6,faciles,True,1277,0.0499,10,OK
6x6/faciles/65.txt,6,faciles,True,1269,0.0523,10,OK
6x6/faciles/66.txt,6,faciles,True,1282,0.0518,10,OK
6x6/faciles/67.txt,6,faciles,True,1222,0.0488,10,OK
6x6/faciles/68.txt,6,faciles,True,1245,0.0503,10,OK
6x6/faciles/69.txt,6,faciles,True,1271,0.0516,10,OK
6x6/faciles/70.txt,6,faciles,True,1271,0.0532,10,OK
6x6/faciles/71.txt,6,faciles,True,1269,0.0516,10,OK
6x6/faciles/72.txt,6,faciles,True,1271,0.052,10,OK
6x6/faciles/73.txt,6,faciles,True,1280,0.0269,10,OK
6x6/faciles/74.txt,6,faciles,True,1271,0.0482,10,OK
6x6/faciles/75.txt,6,faciles,True,1269,0.0518,10,OK
6x6/faciles/76.txt,6,faciles,True,1278,0.0495,10,OK
6x6/faciles/77.txt,6,faciles,True,1278,0.0492,10,OK
6x6/faciles/78.txt,6,faciles,True,1244,0.0509,10,OK
6x6/faciles/79.txt,6,faciles,True,1248,0.0505,10,OK
6x6/faciles/80.txt,6,faciles,True,1245,0.0502,10,OK
6x6/faciles/81.txt,6,faciles,True,1264,0.0517,10,OK
6x6/faciles/82.txt,6,faciles,True,1276,0.0524,10,OK
6x6/faciles/83.txt,6,faciles,True,1272,0.0529,10,OK
6x6/faciles/84.txt,6,faciles,True,1271,0.0521,10,OK
6x6/faciles/85.txt,6,faciles,True,1246,0.0505,10,OK
6x6/faciles/86.txt,6,faciles,True,1266,0.052,10,OK
6x6/faciles/87.txt,6,faciles,True,1281,0.0278,10,OK
6x6/faciles/88.txt,6,faciles,True,1264,0.0524,10,OK
6x6/faciles/89.txt,6,faciles,True,73,0.0001,4,OK
6x6/faciles/90.txt,6,faciles,True,1264,0.0517,10,OK
6x6/faciles/91.txt,6,faciles,True,1271,0.0522,10,OK
6x6/faciles/92.txt,6,faciles,True,1277,0.0493,10,OK
6x6/faciles/93.txt,6,faciles,True,1245,0.0465,10,OK
6x6/faciles/94.txt,6,faciles,True,1280,0.0268,10,OK
6x6/faciles/95.txt,6,faciles,True,1270,0.0526,10,OK
6x6/faciles/96.txt,6,faciles,True,1273,0.0482,10,OK
6x6/faciles/97.txt,6,faciles,True,1274,0.0515,10,OK
6x6/faciles/98.txt,6,faciles,True,1271,0.0524,10,OK
6x6/faciles/99.txt,6,faciles,True,1271,0.0522,10,OK
6x6/faciles/100.txt,6,faciles,True,1283,0.0525,10,OK
6x6/medios/1.txt,6,medios,True,1250,0.05,20,OK
6x6/medios/2.txt,6,medios,True,1400,0.08,20,OK
6x6/medios/3.txt,6,medios,True,1288,0.0254,20,OK
6x6/medios/4.txt,6,medios,True,1298,0.0473,20,OK
6x6/medios/5.txt,6,medios,True,1266,0.0769,18,OK
6x6/medios/6.txt,6,medios,True,1304,0.0264,20,OK
6x6/medios/7.txt,6,medios,True,1325,0.0558,20,OK
6x6/medios/8.txt,6,medios,True,1312,0.0787,18,OK
6x6/medios/9.txt,6,medios,True,1349,0.1085,16,OK
6x6/medios/10.txt,6,medios,True,1297,0.0544,20,OK
6x6/medios/11.txt,6,medios,True,1237,0.024,20,OK
6x6/medios/12.txt,6,medios,True,1309,0.0507,20,OK
6x6/medios/13.txt,6,medios,True,1320,0.0513,20,OK
6x6/medios/14.txt,6,medios,True,1305,0.0537,20,OK
6x6/medios/15.txt,6,medios,True,1402,0.0841,20,OK
6x6/medios/16.txt,6,medios,True,1433,0.0754,20,OK
6x6/medios/17.txt,6,medios,True,1297,0.0496,18,OK
6x6/medios/18.txt,6,medios,True,1316,0.1035,16,OK
6x6/medios/19.txt,6,medios,True,1303,0.0777,20,OK
6x6/medios/20.txt,6,medios,True,1332,0.0581,20,OK
6x6/medios/21.txt,6,medios,True,1945,0.2129,20,OK
6x6/medios/22.txt,6,medios,True,1345,0.0805,18,OK
6x6/medios/23.txt,6,medios,True,1500,0.1371,20,OK
6x6/medios/24.txt,6,medios,True,1392,0.0806,20,OK
6x6/medios/25.txt,6,medios,True,1655,0.1266,18,OK
6x6/medios/26.txt,6,medios,True,1331,0.0558,20,OK
6x6/medios/27.txt,6,medios,True,1325,0.0968,20,OK
6x6/medios/28.txt,6,medios,True,1365,0.0779,20,OK
6x6/medios/29.txt,6,medios,True,1590,0.1299,20,OK
6x6/medios/30.txt,6,medios,True,1283,0.0525,14,OK
6x6/medios/31.txt,6,medios,True,1314,0.0284,20,OK
6x6/medios/32.txt,6,medios,True,1312,0.0515,20,OK
6x6/medios/33.txt,6,medios,True,1324,0.0801,20,OK
6x6/medios/34.txt,6,medios,True,1548,0.123,20,OK
6x6/medios/35.txt,6,medios,True,1300,0.0537,20,OK
6x6/medios/36.txt,6,medios,True,1462,0.1223,18,OK
6x6/medios/37.txt,6,medios,True,1335,0.0476,20,OK
6x6/medios/38.txt,6,medios,True,1303,0.0526,20,OK
6x6/medios/39.txt,6,medios,True,1421,0.0824,20,OK
6x6/medios/40.txt,6,medios,True,1271,0.0261,20,OK
6x6/medios/41.txt,6,medios,True,1318,0.0797,16,OK
6x6/medios/42.txt,6,medios,True,1278,0.0484,20,OK
6x6/medios/43.txt,6,medios,True,1599,0.1258,20,OK
6x6/medios/44.txt,6,medios,True,1300,0.0536,20,OK
6x6/medios/45.txt,6,medios,True,1451,0.1172,20,OK
6x6/medios/46.txt,6,medios,True,1338,0.0804,18,OK
6x6/medios/47.txt,6,medios,True,1391,0.0859,20,OK
6x6/medios/48.txt,6,medios,True,1419,0.11,20,OK
6x6/medios/49.txt,6,medios,True,1299,0.0538,20,OK
6x6/medios/50.txt,6,medios,True,1265,0.0261,18,OK
6x6/medios/51.txt,6,medios,True,1489,0.1177,20,OK
6x6/medios/52.txt,6,medios,True,1255,0.0225,20,OK
6x6/medios/53.txt,6,medios,True,1274,0.0524,20,OK
6x6/medios/54.txt,6,medios,True,1320,0.0975,20,OK
6x6/medios/55.txt,6,medios,True,1329,0.0548,20,OK
6x6/medios/56.txt,6,medios,True,1470,0.0932,20,OK
6x6/medios/57.txt,6,medios,True,1318,0.0511,20,OK
6x6/medios/58.txt,6,medios,True,1284,0.0486,20,OK
6x6/medios/59.txt,6,medios,True,1272,0.0515,18,OK
6x6/medios/60.txt,6,medios,True,1296,0.0503,18,OK
6x6/medios/61.txt,6,medios,True,1311,0.0258,20,OK
6x6/medios/62.txt,6,medios,True,1320,0.0308,20,OK
6x6/medios/63.txt,6,medios,True,2636,0.2323,18,OK
6x6/medios/64.txt,6,medios,True,1293,0.0537,14,OK
6x6/medios/65.txt,6,medios,True,1374,0.1035,20,OK
6x6/medios/66.txt,6,medios,True,1306,0.0788,20,OK
6x6/medios/67.txt,6,medios,True,1346,0.0776,20,OK
6x6/medios/68.txt,6,medios,True,1412,0.1047,20,OK
6x6/medios/69.txt,6,medios,True,1493,0.1374,20,OK
6x6/medios/70.txt,6,medios,True,1318,0.0516,20,OK
6x6/medios/71.txt,6,medios,True,1296,0.0542,16,OK
6x6/medios/72.txt,6,medios,True,1297,0.0499,20,OK
6x6/medios/73.txt,6,medios,True,1315,0.0516,20,OK
6x6/medios/74.txt,6,medios,True,1283,0.0235,20,OK
6x6/medios/75.txt,6,medios,True,1345,0.1069,18,OK
6x6/medios/76.txt,6,medios,True,1337,0.0753,20,OK
6x6/medios/77.txt,6,medios,True,1271,0.0531,10,OK
6x6/medios/78.txt,6,medios,True,1277,0.0268,20,OK
6x6/medios/79.txt,6,medios,True,1323,0.0517,20,OK
6x6/medios/80.txt,6,medios,True,1246,0.0247,20,OK
6x6/medios/81.txt,6,medios,True,1319,0.0812,16,OK
6x6/medios/82.txt,6,medios,True,1307,0.0515,20,OK
6x6/medios/83.txt,6,medios,True,1248,0.0461,18,OK
6x6/medios/84.txt,6,medios,True,1372,0.1083,20,OK
6x6/medios/85.txt,6,medios,True,1246,0.0509,12,OK
6x6/medios/86.txt,6,medios,True,1602,0.1521,20,OK
6x6/medios/87.txt,6,medios,True,1266,0.0715,16,OK
6x6/medios/88.txt,6,medios,True,1317,0.0751,20,OK
6x6/medios/89.txt,6,medios,True,1453,0.0914,20,OK
6x6/medios/90.txt,6,medios,True,1380,0.0849,20,OK
6x6/medios/91.txt,6,medios,True,1264,0.0468,20,OK
6x6/medios/92.txt,6,medios,True,1565,0.1288,20,OK
6x6/medios/93.txt,6,medios,True,1265,0.0753,16,OK
6x6/medios/94.txt,6,medios,True,1291,0.0519,20,OK
6x6/medios/95.txt,6,medios,True,1329,0.0557,20,OK
6x6/medios/96.txt,6,medios,True,1276,0.026,20,OK
6x6/medios/97.txt,6,medios,True,1335,0.0806,20,OK
6x6/medios/98.txt,6,medios,True,1305,0.0533,20,OK
6x6/medios/99.txt,6,medios,True,1297,0.0504,14,OK
6x6/medios/100.txt,6,medios,True,1333,0.0804,20,OK
6x6/dificiles/1.txt,6,dificiles,True,74671,5.7846,42,OK
6x6/dificiles/2.txt,6,dificiles,True,4613,0.3372,42,OK
6x6/dificiles/3.txt,6,dificiles,True,205256,14.1979,42,OK
6x6/dificiles/4.txt,6,dificiles,True,17267,1.3336,44,OK
6x6/dificiles/5.txt,6,dificiles,False,1054300,89.9343,0,timeout_or_limit
6x6/dificiles/6.txt,6,dificiles,True,307921,25.2892,46,OK
6x6/dificiles/7.txt,6,dificiles,True,54814,4.4866,42,OK
6x6/dificiles/8.txt,6,dificiles,True,28053,2.0697,50,OK
6x6/dificiles/9.txt,6,dificiles,True,554346,41.1957,50,OK
6x6/dificiles/10.txt,6,dificiles,True,31345,2.5137,36,OK
6x6/dificiles/11.txt,6,dificiles,True,5907,0.4032,48,OK
6x6/dificiles/12.txt,6,dificiles,True,3780,0.2553,50,OK
6x6/dificiles/13.txt,6,dificiles,True,745518,59.8565,46,OK
6x6/dificiles/14.txt,6,dificiles,True,71709,5.3663,46,OK
6x6/dificiles/15.txt,6,dificiles,True,11949,0.8351,48,OK
6x6/dificiles/16.txt,6,dificiles,True,2928,0.1542,42,OK
6x6/dificiles/17.txt,6,dificiles,True,99771,8.6193,40,OK
6x6/dificiles/18.txt,6,dificiles,True,51039,3.815,44,OK
6x6/dificiles/19.txt,6,dificiles,True,1874,0.0868,44,OK
6x6/dificiles/20.txt,6,dificiles,True,5409,0.3646,44,OK
6x6/dificiles/21.txt,6,dificiles,True,5302,0.3878,38,OK
6x6/dificiles/22.txt,6,dificiles,True,4026,0.3009,36,OK
6x6/dificiles/23.txt,6,dificiles,True,6024,0.4214,46,OK
6x6/dificiles/24.txt,6,dificiles,True,4520,0.3297,50,OK
6x6/dificiles/25.txt,6,dificiles,True,2297,0.1497,42,OK
6x6/dificiles/26.txt,6,dificiles,True,70445,5.339,46,OK
6x6/dificiles/27.txt,6,dificiles,True,16071,1.2657,38,OK
6x6/dificiles/28.txt,6,dificiles,True,214750,16.8522,42,OK
6x6/dificiles/29.txt,6,dificiles,True,45312,3.2077,42,OK
6x6/dificiles/30.txt,6,dificiles,True,35945,2.6854,48,OK
6x6/dificiles/31.txt,6,dificiles,True,11219,0.7547,42,OK
6x6/dificiles/32.txt,6,dificiles,True,13006,0.992,50,OK
6x6/dificiles/33.txt,6,dificiles,True,2049,0.1461,40,OK
6x6/dificiles/34.txt,6,dificiles,True,107882,8.9568,40,OK
6x6/dificiles/35.txt,6,dificiles,True,6077,0.4665,42,OK
6x6/dificiles/36.txt,6,dificiles,True,120779,9.2438,50,OK
6x6/dificiles/37.txt,6,dificiles,True,350272,27.5978,46,OK
6x6/dificiles/38.txt,6,dificiles,True,21055,1.4205,48,OK
6x6/dificiles/39.txt,6,dificiles,True,10503,0.8598,38,OK
6x6/dificiles/40.txt,6,dificiles,False,1003354,75.3499,0,timeout_or_limit
6x6/dificiles/41.txt,6,dificiles,True,183441,12.5023,50,OK
6x6/dificiles/42.txt,6,dificiles,True,315431,23.5883,48,OK
6x6/dificiles/43.txt,6,dificiles,True,31950,2.3497,48,OK
6x6/dificiles/44.txt,6,dificiles,True,24637,2.0031,42,OK
6x6/dificiles/45.txt,6,dificiles,True,123854,9.599,48,OK
6x6/dificiles/46.txt,6,dificiles,True,9485,0.6321,46,OK
6x6/dificiles/47.txt,6,dificiles,True,185510,14.2649,38,OK
6x6/dificiles/48.txt,6,dificiles,True,122683,9.5355,44,OK
6x6/dificiles/49.txt,6,dificiles,False,1060321,82.5181,0,timeout_or_limit
6x6/dificiles/50.txt,6,dificiles,True,1679,0.0989,36,OK
6x6/dificiles/51.txt,6,dificiles,True,3126,0.1882,48,OK
6x6/dificiles/52.txt,6,dificiles,True,2120,0.1164,42,OK
6x6/dificiles/53.txt,6,dificiles,True,236838,19.4078,42,OK
6x6/dificiles/54.txt,6,dificiles,True,264482,19.3341,38,OK
6x6/dificiles/55.txt,6,dificiles,True,13447,1.0943,38,OK
6x6/dificiles/56.txt,6,dificiles,True,41581,3.2868,48,OK
6x6/dificiles/57.txt,6,dificiles,True,175451,13.765,48,OK
6x6/dificiles/58.txt,6,dificiles,True,3070,0.1997,44,OK
6x6/dificiles/59.txt,6,dificiles,True,2499,0.165,36,OK
6x6/dificiles/60.txt,6,dificiles,True,111429,8.782,46,OK
6x6/dificiles/61.txt,6,dificiles,True,10259,0.8054,50,OK
6x6/dificiles/62.txt,6,dificiles,True,189447,16.0967,48,OK
6x6/dificiles/63.txt,6,dificiles,True,125311,10.2876,48,OK
6x6/dificiles/64.txt,6,dificiles,True,18934,1.5909,40,OK
6x6/dificiles/65.txt,6,dificiles,True,12302,0.9563,44,OK
6x6/dificiles/66.txt,6,dificiles,True,55599,4.6233,40,OK
6x6/dificiles/67.txt,6,dificiles,True,2072,0.1362,38,OK
6x6/dificiles/68.txt,6,dificiles,True,9098,0.6705,42,OK
6x6/dificiles/69.txt,6,dificiles,False,1001429,82.664,0,timeout_or_limit
6x6/dificiles/70.txt,6,dificiles,True,38656,3.3076,36,OK
6x6/dificiles/71.txt,6,dificiles,True,232412,15.9696,50,OK
6x6/dificiles/72.txt,6,dificiles,True,4673,0.3102,44,OK
6x6/dificiles/73.txt,6,dificiles,True,65051,4.9289,42,OK
6x6/dificiles/74.txt,6,dificiles,True,55576,3.9334,44,OK
6x6/dificiles/75.txt,6,dificiles,True,39033,2.8723,44,OK
6x6/dificiles/76.txt,6,dificiles,True,91649,6.9085,48,OK
6x6/dificiles/77.txt,6,dificiles,True,48085,4.0061,52,OK
6x6/dificiles/78.txt,6,dificiles,True,4026,0.3049,40,OK
6x6/dificiles/79.txt,6,dificiles,True,157286,12.2408,46,OK
6x6/dificiles/80.txt,6,dificiles,True,200414,15.7699,38,OK
6x6/dificiles/81.txt,6,dificiles,True,19205,1.4928,48,OK
6x6/dificiles/82.txt,6,dificiles,True,1305,0.0494,30,OK
6x6/dificiles/83.txt,6,dificiles,True,1919,0.098,40,OK
6x6/dificiles/84.txt,6,dificiles,True,171594,14.117,44,OK
6x6/dificiles/85.txt,6,dificiles,True,19510,1.4204,50,OK
6x6/dificiles/86.txt,6,dificiles,True,16383,1.3327,44,OK
6x6/dificiles/87.txt,6,dificiles,True,9977,0.7427,42,OK
6x6/dificiles/88.txt,6,dificiles,True,5383,0.373,48,OK
6x6/dificiles/89.txt,6,dificiles,True,101316,7.9599,50,OK
6x6/dificiles/90.txt,6,dificiles,True,462879,38.3381,44,OK
6x6/dificiles/91.txt,6,dificiles,True,50283,4.0247,46,OK
6x6/dificiles/92.txt,6,dificiles,True,16003,1.2467,42,OK
6x6/dificiles/93.txt,6,dificiles,True,8039,0.5444,50,OK
6x6/dificiles/94.txt,6,dificiles,False,1002126,72.4323,0,timeout_or_limit
6x6/dificiles/95.txt,6,dificiles,True,5278,0.3945,48,OK
6x6/dificiles/96.txt,6,dificiles,True,4306,0.4047,26,OK
6x6/dificiles/97.txt,6,dificiles,True,103878,8.2313,42,OK
6x6/dificiles/98.txt,6,dificiles,True,52875,4.2249,38,OK
6x6/dificiles/99.txt,6,dificiles,True,38189,3.2399,36,OK
6x6/dificiles/100.txt,6,dificiles,True,112274,8.7598,44,OK
7x7/faciles/1.txt,7,faciles,True,1324,0.0725,10,OK
7x7/faciles/2.txt,7,faciles,True,1327,0.0772,10,OK
7x7/faciles/3.txt,7,faciles,True,1314,0.0698,10,OK
7x7/faciles/4.txt,7,faciles,True,1303,0.0739,10,OK
7x7/faciles/5.txt,7,faciles,True,1303,0.0751,10,OK
7x7/faciles/6.txt,7,faciles,True,1306,0.0741,10,OK
7x7/faciles/7.txt,7,faciles,True,1325,0.0734,10,OK
7x7/faciles/8.txt,7,faciles,True,1322,0.0757,10,OK
7x7/faciles/9.txt,7,faciles,True,1324,0.0772,10,OK
7x7/faciles/10.txt,7,faciles,True,1318,0.0752,10,OK
7x7/faciles/11.txt,7,faciles,True,1319,0.0764,10,OK
7x7/faciles/12.txt,7,faciles,True,1321,0.0705,10,OK
7x7/faciles/13.txt,7,faciles,True,1319,0.0768,10,OK
7x7/faciles/14.txt,7,faciles,True,1325,0.0773,10,OK
7x7/faciles/15.txt,7,faciles,True,1310,0.0394,8,OK
7x7/faciles/16.txt,7,faciles,True,1308,0.0706,10,OK
7x7/faciles/17.txt,7,faciles,True,1324,0.0709,10,OK
7x7/faciles/18.txt,7,faciles,True,1324,0.0756,10,OK
7x7/faciles/19.txt,7,faciles,True,1319,0.0756,10,OK
7x7/faciles/20.txt,7,faciles,True,1319,0.0764,10,OK
7x7/faciles/21.txt,7,faciles,True,1306,0.0739,10,OK
7x7/faciles/22.txt,7,faciles,True,1319,0.076,10,OK
7x7/faciles/23.txt,7,faciles,True,1328,0.0764,10,OK
7x7/faciles/24.txt,7,faciles,True,1306,0.0754,10,OK
7x7/faciles/25.txt,7,faciles,True,1326,0.0758,10,OK
7x7/faciles/26.txt,7,faciles,True,1313,0.0756,10,OK
7x7/faciles/27.txt,7,faciles,True,1316,0.0749,10,OK
7x7/faciles/28.txt,7,faciles,True,1322,0.0759,10,OK
7x7/faciles/29.txt,7,faciles,True,1325,0.073,10,OK
7x7/faciles/30.txt,7,faciles,True,1313,0.0762,10,OK
7x7/faciles/31.txt,7,faciles,True,1313,0.0748,10,OK
7x7/faciles/32.txt,7,faciles,True,1312,0.0761,10,OK
7x7/faciles/33.txt,7,faciles,True,1319,0.0758,10,OK
7x7/faciles/34.txt,7,faciles,True,1321,0.0768,10,OK
7x7/faciles/35.txt,7,faciles,True,1327,0.0782,10,OK
7x7/faciles/36.txt,7,faciles,True,74,0.0001,4,OK
7x7/faciles/37.txt,7,faciles,True,1322,0.0383,10,OK
7x7/faciles/38.txt,7,faciles,True,1307,0.0746,10,OK
7x7/faciles/39.txt,7,faciles,True,1320,0.0762,10,OK
7x7/faciles/40.txt,7,faciles,True,1308,0.0751,10,OK
7x7/faciles/41.txt,7,faciles,True,1302,0.0739,10,OK
7x7/faciles/42.txt,7,faciles,True,1311,0.0759,10,OK
7x7/faciles/43.txt,7,faciles,True,1324,0.0761,10,OK
7x7/faciles/44.txt,7,faciles,True,1318,0.075,10,OK
7x7/faciles/45.txt,7,faciles,True,1322,0.0755,10,OK
7x7/faciles/46.txt,7,faciles,True,1319,0.0769,10,OK
7x7/faciles/47.txt,7,faciles,True,1320,0.0718,10,OK
7x7/faciles/48.txt,7,faciles,True,1309,0.075,10,OK
7x7/faciles/49.txt,7,faciles,True,1308,0.0763,10,OK
7x7/faciles/50.txt,7,faciles,True,1327,0.078,10,OK
7x7/faciles/51.txt,7,faciles,True,1311,0.075,10,OK
7x7/faciles/52.txt,7,faciles,True,1319,0.0766,10,OK
7x7/faciles/53.txt,7,faciles,True,1306,0.0749,10,OK
7x7/faciles/54.txt,7,faciles,True,1303,0.0743,10,OK
7x7/faciles/55.txt,7,faciles,True,1319,0.0768,10,OK
7x7/faciles/56.txt,7,faciles,True,1319,0.0762,10,OK
7x7/faciles/57.txt,7,faciles,True,1332,0.078,10,OK
7x7/faciles/58.txt,7,faciles,True,1306,0.0741,10,OK
7x7/faciles/59.txt,7,faciles,True,1302,0.0751,10,OK
7x7/faciles/60.txt,7,faciles,True,1315,0.0757,10,OK
7x7/faciles/61.txt,7,faciles,True,1314,0.0759,10,OK
7x7/faciles/62.txt,7,faciles,True,1322,0.0389,10,OK
7x7/faciles/63.txt,7,faciles,True,1308,0.0744,10,OK
7x7/faciles/64.txt,7,faciles,True,1313,0.0753,10,OK
7x7/faciles/65.txt,7,faciles,True,1323,0.0394,10,OK
7x7/faciles/66.txt,7,faciles,True,1319,0.0762,10,OK
7x7/faciles/67.txt,7,faciles,True,1327,0.0771,10,OK
7x7/faciles/68.txt,7,faciles,True,1327,0.0778,10,OK
7x7/faciles/69.txt,7,faciles,True,1302,0.075,10,OK
7x7/faciles/70.txt,7,faciles,True,1303,0.0741,10,OK
7x7/faciles/71.txt,7,faciles,True,1319,0.0756,10,OK
7x7/faciles/72.txt,7,faciles,True,1327,0.077,10,OK
7x7/faciles/73.txt,7,faciles,True,1308,0.0745,10,OK
7x7/faciles/74.txt,7,faciles,True,1306,0.0748,10,OK
7x7/faciles/75.txt,7,faciles,True,1321,0.0754,10,OK
7x7/faciles/76.txt,7,faciles,True,1306,0.0745,10,OK
7x7/faciles/77.txt,7,faciles,True,1306,0.075,10,OK
7x7/faciles/78.txt,7,faciles,True,1323,0.0754,10,OK
7x7/faciles/79.txt,7,faciles,True,1308,0.0755,10,OK
7x7/faciles/80.txt,7,faciles,True,1319,0.0758,10,OK
7x7/faciles/81.txt,7,faciles,True,1308,0.0752,10,OK
7x7/faciles/82.txt,7,faciles,True,74,0.0001,4,OK
7x7/faciles/83.txt,7,faciles,True,1316,0.0762,10,OK
7x7/faciles/84.txt,7,faciles,True,1319,0.0774,10,OK
7x7/faciles/85.txt,7,faciles,True,1323,0.0384,10,OK
7x7/faciles/86.txt,7,faciles,True,1302,0.0739,10,OK
7x7/faciles/87.txt,7,faciles,True,1324,0.0761,10,OK
7x7/faciles/88.txt,7,faciles,True,1313,0.0748,10,OK
7x7/faciles/89.txt,7,faciles,True,1306,0.0751,10,OK
7x7/faciles/90.txt,7,faciles,True,1313,0.0747,10,OK
7x7/faciles/91.txt,7,faciles,True,1308,0.0745,10,OK
7x7/faciles/92.txt,7,faciles,True,1327,0.0775,10,OK
7x7/faciles/93.txt,7,faciles,True,1312,0.0747,10,OK
7x7/faciles/94.txt,7,faciles,True,1314,0.071,10,OK
7x7/faciles/95.txt,7,faciles,True,1300,0.0739,10,OK
7x7/faciles/96.txt,7,faciles,True,1302,0.0737,10,OK
7x7/faciles/97.txt,7,faciles,True,1308,0.0749,10,OK
7x7/faciles/98.txt,7,faciles,True,1306,0.0764,10,OK
7x7/faciles/99.txt,7,faciles,True,1306,0.0747,10,OK
7x7/faciles/100.txt,7,faciles,True,1320,0.07,10,OK
7x7/medios/1.txt,7,medios,True,1379,0.0815,20,OK
7x7/medios/2.txt,7,medios,True,1399,0.12,20,OK
7x7/medios/3.txt,7,medios,True,1335,0.0778,16,OK
7x7/medios/4.txt,7,medios,True,1357,0.0737,20,OK
7x7/medios/5.txt,7,medios,True,1437,0.1236,18,OK
7x7/medios/6.txt,7,medios,True,1402,0.1126,20,OK
7x7/medios/7.txt,7,medios,True,1411,0.1219,20,OK
7x7/medios/8.txt,7,medios,True,2885,0.3792,20,OK
7x7/medios/9.txt,7,medios,True,1348,0.0801,18,OK
7x7/medios/10.txt,7,medios,True,1349,0.0784,20,OK
7x7/medios/11.txt,7,medios,True,1328,0.076,12,OK
7x7/medios/12.txt,7,medios,True,1375,0.1156,20,OK
7x7/medios/13.txt,7,medios,True,1409,0.1113,20,OK
7x7/medios/14.txt,7,medios,True,1337,0.0769,18,OK
7x7/medios/15.txt,7,medios,True,1328,0.071,20,OK
7x7/medios/16.txt,7,medios,True,1478,0.1275,20,OK
7x7/medios/17.txt,7,medios,True,1581,0.1781,20,OK
7x7/medios/18.txt,7,medios,True,1369,0.0803,18,OK
7x7/medios/19.txt,7,medios,True,1372,0.1548,16,OK
7x7/medios/20.txt,7,medios,True,1382,0.0761,20,OK
7x7/medios/21.txt,7,medios,True,1428,0.1583,20,OK
7x7/medios/22.txt,7,medios,True,1473,0.13,20,OK
7x7/medios/23.txt,7,medios,True,1345,0.0386,20,OK
7x7/medios/24.txt,7,medios,True,1321,0.0373,20,OK
7x7/medios/25.txt,7,medios,True,1353,0.1168,20,OK
7x7/medios/26.txt,7,medios,True,1350,0.1058,20,OK
7x7/medios/27.txt,7,medios,True,1370,0.0789,20,OK
7x7/medios/28.txt,7,medios,True,1331,0.0778,14,OK
7x7/medios/29.txt,7,medios,True,1353,0.0719,20,OK
7x7/medios/30.txt,7,medios,True,1426,0.1242,20,OK
7x7/medios/31.txt,7,medios,True,1341,0.0702,20,OK
7x7/medios/32.txt,7,medios,True,1441,0.126,20,OK
7x7/medios/33.txt,7,medios,True,1391,0.0457,18,OK
7x7/medios/34.txt,7,medios,True,1444,0.1625,20,OK
7x7/medios/35.txt,7,medios,True,1326,0.0696,20,OK
7x7/medios/36.txt,7,medios,True,1349,0.1158,18,OK
7x7/medios/37.txt,7,medios,True,1351,0.0795,20,OK
7x7/medios/38.txt,7,medios,True,1350,0.0728,20,OK
7x7/medios/39.txt,7,medios,True,1383,0.1194,20,OK
7x7/medios/40.txt,7,medios,True,1366,0.0807,20,OK
7x7/medios/41.txt,7,medios,True,1365,0.1181,18,OK
7x7/medios/42.txt,7,medios,True,1436,0.1594,20,OK
7x7/medios/43.txt,7,medios,True,1465,0.1645,20,OK
7x7/medios/44.txt,7,medios,True,1347,0.0768,20,OK
7x7/medios/45.txt,7,medios,True,1451,0.1188,20,OK
7x7/medios/46.txt,7,medios,True,1354,0.0392,20,OK
7x7/medios/47.txt,7,medios,True,1717,0.1835,20,OK
7x7/medios/48.txt,7,medios,True,1050,0.0015,8,OK
7x7/medios/49.txt,7,medios,True,1340,0.0753,20,OK
7x7/medios/50.txt,7,medios,True,1375,0.0761,20,OK
7x7/medios/51.txt,7,medios,True,1359,0.0799,20,OK
7x7/medios/52.txt,7,medios,True,1335,0.077,18,OK
7x7/medios/53.txt,7,medios,True,1341,0.1152,16,OK
7x7/medios/54.txt,7,medios,True,1391,0.0771,20,OK
7x7/medios/55.txt,7,medios,True,1580,0.1802,20,OK
7x7/medios/56.txt,7,medios,True,1339,0.0783,18,OK
7x7/medios/57.txt,7,medios,True,1364,0.0777,18,OK
7x7/medios/58.txt,7,medios,True,1399,0.1201,16,OK
7x7/medios/59.txt,7,medios,True,1352,0.0724,20,OK
7x7/medios/60.txt,7,medios,True,2125,0.2887,20,OK
7x7/medios/61.txt,7,medios,True,1334,0.0711,16,OK
7x7/medios/62.txt,7,medios,True,1344,0.0699,20,OK
7x7/medios/63.txt,7,medios,True,1345,0.0657,20,OK
7x7/medios/64.txt,7,medios,True,1516,0.1372,20,OK
7x7/medios/65.txt,7,medios,True,1351,0.0777,20,OK
7x7/medios/66.txt,7,medios,True,1476,0.1222,20,OK
7x7/medios/67.txt,7,medios,True,1326,0.0713,20,OK
7x7/medios/68.txt,7,medios,True,1343,0.0757,20,OK
7x7/medios/69.txt,7,medios,True,1329,0.0756,20,OK
7x7/medios/70.txt,7,medios,True,2000,0.307,20,OK
7x7/medios/71.txt,7,medios,True,1372,0.1172,18,OK
7x7/medios/72.txt,7,medios,True,1363,0.0806,20,OK
7x7/medios/73.txt,7,medios,True,1396,0.0848,20,OK
7x7/medios/74.txt,7,medios,True,1339,0.0783,20,OK
7x7/medios/75.txt,7,medios,True,1550,0.1285,20,OK
7x7/medios/76.txt,7,medios,True,1407,0.1223,18,OK
7x7/medios/77.txt,7,medios,True,1357,0.0799,20,OK
7x7/medios/78.txt,7,medios,True,1366,0.0766,20,OK
7x7/medios/79.txt,7,medios,True,1333,0.0717,20,OK
7x7/medios/80.txt,7,medios,True,1973,0.2153,20,OK
7x7/medios/81.txt,7,medios,True,1322,0.0396,20,OK
7x7/medios/82.txt,7,medios,True,1372,0.078,20,OK
7x7/medios/83.txt,7,medios,True,1339,0.0369,20,OK
7x7/medios/84.txt,7,medios,True,1341,0.0725,20,OK
7x7/medios/85.txt,7,medios,True,1348,0.0769,20,OK
7x7/medios/86.txt,7,medios,True,1372,0.0799,20,OK
7x7/medios/87.txt,7,medios,True,1338,0.0343,20,OK
7x7/medios/88.txt,7,medios,True,1332,0.0765,14,OK
7x7/medios/89.txt,7,medios,True,1435,0.1263,20,OK
7x7/medios/90.txt,7,medios,True,1375,0.1435,20,OK
7x7/medios/91.txt,7,medios,True,1349,0.0782,20,OK
7x7/medios/92.txt,7,medios,True,1329,0.0764,14,OK
7x7/medios/93.txt,7,medios,True,1350,0.0767,20,OK
7x7/medios/94.txt,7,medios,True,1344,0.0707,20,OK
7x7/medios/95.txt,7,medios,True,1401,0.1223,20,OK
7x7/medios/96.txt,7,medios,True,1335,0.0371,20,OK
7x7/medios/97.txt,7,medios,True,1380,0.0812,20,OK
7x7/medios/98.txt,7,medios,True,1369,0.0801,20,OK
7x7/medios/99.txt,7,medios,True,1361,0.0751,20,OK
7x7/medios/100.txt,7,medios,True,1343,0.072,20,OK
7x7/dificiles/1.txt,7,dificiles,True,6402,0.7478,46,OK
7x7/dificiles/2.txt,7,dificiles,True,15622,1.7143,48,OK
7x7/dificiles/3.txt,7,dificiles,True,1641,0.1395,34,OK
7x7/dificiles/4.txt,7,dificiles,True,3546,0.3266,48,OK
7x7/dificiles/5.txt,7,dificiles,True,1666,0.1242,42,OK
7x7/dificiles/6.txt,7,dificiles,True,5242,0.5922,44,OK
7x7/dificiles/7.txt,7,dificiles,False,1002651,109.7637,0,timeout_or_limit
7x7/dificiles/8.txt,7,dificiles,True,9394,1.0388,48,OK
7x7/dificiles/9.txt,7,dificiles,True,1654,0.1037,44,OK
7x7/dificiles/10.txt,7,dificiles,True,797233,81.5226,48,OK
7x7/dificiles/11.txt,7,dificiles,True,3715,0.3692,48,OK
7x7/dificiles/12.txt,7,dificiles,True,123310,12.988,48,OK
7x7/dificiles/13.txt,7,dificiles,True,2281,0.2063,40,OK
7x7/dificiles/14.txt,7,dificiles,True,68465,8.2719,44,OK
7x7/dificiles/15.txt,7,dificiles,True,5468,0.529,42,OK
7x7/dificiles/16.txt,7,dificiles,True,4237,0.4532,42,OK
7x7/dificiles/17.txt,7,dificiles,True,2629,0.2062,52,OK
7x7/dificiles/18.txt,7,dificiles,True,28467,3.1994,46,OK
7x7/dificiles/19.txt,7,dificiles,True,3819,0.4286,44,OK
7x7/dificiles/20.txt,7,dificiles,True,4328,0.4578,38,OK
7x7/dificiles/21.txt,7,dificiles,True,5294,0.5865,42,OK
7x7/dificiles/22.txt,7,dificiles,True,2422,0.2475,36,OK
7x7/dificiles/23.txt,7,dificiles,True,30252,3.4617,48,OK
7x7/dificiles/24.txt,7,dificiles,True,5082,0.5333,46,OK
7x7/dificiles/25.txt,7,dificiles,True,17829,2.0043,44,OK
7x7/dificiles/26.txt,7,dificiles,True,268742,27.6279,50,OK
7x7/dificiles/27.txt,7,dificiles,True,2787,0.3212,42,OK
7x7/dificiles/28.txt,7,dificiles,True,22671,2.4839,44,OK
7x7/dificiles/29.txt,7,dificiles,True,151946,19.247,46,OK
7x7/dificiles/30.txt,7,dificiles,True,3736,0.4039,44,OK
7x7/dificiles/31.txt,7,dificiles,True,694505,80.6763,48,OK
7x7/dificiles/32.txt,7,dificiles,True,215740,22.5937,40,OK
7x7/dificiles/33.txt,7,dificiles,True,4083,0.4836,34,OK
7x7/dificiles/34.txt,7,dificiles,True,2393,0.2656,34,OK
7x7/dificiles/35.txt,7,dificiles,True,5217,0.5384,50,OK
7x7/dificiles/36.txt,7,dificiles,True,34215,3.8672,50,OK
7x7/dificiles/37.txt,7,dificiles,True,190312,21.9337,40,OK
7x7/dificiles/38.txt,7,dificiles,True,2825,0.2249,48,OK
7x7/dificiles/39.txt,7,dificiles,True,269539,31.1584,50,OK
7x7/dificiles/40.txt,7,dificiles,True,3871,0.3997,50,OK
7x7/dificiles/41.txt,7,dificiles,True,788789,91.3318,50,OK
7x7/dificiles/42.txt,7,dificiles,True,33396,3.8642,38,OK
7x7/dificiles/43.txt,7,dificiles,True,3565,0.3416,44,OK
7x7/dificiles/44.txt,7,dificiles,True,5117,0.5841,34,OK
7x7/dificiles/45.txt,7,dificiles,True,443453,54.5043,40,OK
7x7/dificiles/46.txt,7,dificiles,True,12337,1.4224,44,OK
7x7/dificiles/47.txt,7,dificiles,True,29041,3.1129,40,OK
7x7/dificiles/48.txt,7,dificiles,True,146303,16.3712,44,OK
7x7/dificiles/49.txt,7,dificiles,True,16060,1.6537,42,OK
7x7/dificiles/50.txt,7,dificiles,True,85200,9.7869,42,OK
7x7/dificiles/51.txt,7,dificiles,True,4119,0.4168,52,OK
7x7/dificiles/52.txt,7,dificiles,True,2023,0.1147,48,OK
7x7/dificiles/53.txt,7,dificiles,True,9163,0.9921,46,OK
7x7/dificiles/54.txt,7,dificiles,True,13047,1.5584,46,OK
7x7/dificiles/55.txt,7,dificiles,True,5225,0.5427,46,OK
7x7/dificiles/56.txt,7,dificiles,True,417291,45.4012,44,OK
7x7/dificiles/57.txt,7,dificiles,True,2260,0.1335,50,OK
7x7/dificiles/58.txt,7,dificiles,True,1804,0.1206,34,OK
7x7/dificiles/59.txt,7,dificiles,True,36102,4.4251,42,OK
7x7/dificiles/60.txt,7,dificiles,False,1001743,114.551,0,timeout_or_limit
7x7/dificiles/61.txt,7,dificiles,True,3278,0.3266,42,OK
7x7/dificiles/62.txt,7,dificiles,True,3082,0.2915,48,OK
7x7/dificiles/63.txt,7,dificiles,True,645981,71.8856,46,OK
7x7/dificiles/64.txt,7,dificiles,True,19148,2.1706,46,OK
7x7/dificiles/65.txt,7,dificiles,True,1506,0.0864,46,OK
7x7/dificiles/66.txt,7,dificiles,True,3317,0.3737,34,OK
7x7/dificiles/67.txt,7,dificiles,True,44104,4.8644,44,OK
7x7/dificiles/68.txt,7,dificiles,True,8617,0.8655,42,OK
7x7/dificiles/69.txt,7,dificiles,True,75541,8.7987,48,OK
7x7/dificiles/70.txt,7,dificiles,True,2814,0.3086,38,OK
7x7/dificiles/71.txt,7,dificiles,True,1647,0.0946,38,OK
7x7/dificiles/72.txt,7,dificiles,True,5621,0.5396,46,OK
7x7/dificiles/73.txt,7,dificiles,True,4671,0.5036,46,OK
7x7/dificiles/74.txt,7,dificiles,True,885902,99.2891,44,OK
7x7/dificiles/75.txt,7,dificiles,True,62626,6.8084,50,OK
7x7/dificiles/76.txt,7,dificiles,True,250456,26.935,40,OK
7x7/dificiles/77.txt,7,dificiles,True,128579,13.9152,46,OK
7x7/dificiles/78.txt,7,dificiles,True,47265,5.1281,46,OK
7x7/dificiles/79.txt,7,dificiles,True,1703,0.1081,46,OK
7x7/dificiles/80.txt,7,dificiles,True,19693,2.0096,48,OK
7x7/dificiles/81.txt,7,dificiles,True,1688,0.0774,44,OK
7x7/dificiles/82.txt,7,dificiles,True,400408,43.8169,50,OK
7x7/dificiles/83.txt,7,dificiles,True,15322,1.7679,50,OK
7x7/dificiles/84.txt,7,dificiles,True,2383,0.2287,46,OK
7x7/dificiles/85.txt,7,dificiles,True,205341,19.7424,48,OK
7x7/dificiles/86.txt,7,dificiles,True,93631,11.6126,46,OK
7x7/dificiles/87.txt,7,dificiles,True,20399,2.3384,46,OK
7x7/dificiles/88.txt,7,dificiles,True,18419,2.1214,50,OK
7x7/dificiles/89.txt,7,dificiles,True,18195,1.9104,50,OK
7x7/dificiles/90.txt,7,dificiles,False,1055628,120.7468,0,timeout_or_limit
7x7/dificiles/91.txt,7,dificiles,True,3873,0.3614,52,OK
7x7/dificiles/92.txt,7,dificiles,True,9029,1.05,50,OK
7x7/dificiles/93.txt,7,dificiles,True,15684,1.5567,50,OK
7x7/dificiles/94.txt,7,dificiles,True,82760,9.1006,46,OK
7x7/dificiles/95.txt,7,dificiles,True,5961,0.5261,50,OK
7x7/dificiles/96.txt,7,dificiles,True,154484,18.3316,50,OK
7x7/dificiles/97.txt,7,dificiles,True,5749,0.7205,34,OK
7x7/dificiles/98.txt,7,dificiles,True,21998,2.4141,48,OK
7x7/dificiles/99.txt,7,dificiles,True,4195,0.4303,50,OK
7x7/dificiles/100.txt,7,dificiles,True,237095,26.8596,48,OK
8x8/faciles/1.txt,8,faciles,True,1341,0.1045,10,OK
8x8/faciles/2.txt,8,faciles,True,1330,0.1019,10,OK
8x8/faciles/3.txt,8,faciles,True,1342,0.1031,10,OK
8x8/faciles/4.txt,8,faciles,True,1351,0.1036,10,OK
8x8/faciles/5.txt,8,faciles,True,1357,0.1068,10,OK
8x8/faciles/6.txt,8,faciles,True,1338,0.1035,10,OK
8x8/faciles/7.txt,8,faciles,True,1338,0.0538,8,OK
8x8/faciles/8.txt,8,faciles,True,1369,0.1066,10,OK
8x8/faciles/9.txt,8,faciles,True,1352,0.1038,10,OK
8x8/faciles/10.txt,8,faciles,True,1346,0.0977,10,OK
8x8/faciles/11.txt,8,faciles,True,1342,0.1037,10,OK
8x8/faciles/12.txt,8,faciles,True,1360,0.1058,10,OK
8x8/faciles/13.txt,8,faciles,True,1341,0.1044,10,OK
8x8/faciles/14.txt,8,faciles,True,1361,0.1046,10,OK
8x8/faciles/15.txt,8,faciles,True,1356,0.1043,10,OK
8x8/faciles/16.txt,8,faciles,True,1359,0.1062,10,OK
8x8/faciles/17.txt,8,faciles,True,1371,0.1075,10,OK
8x8/faciles/18.txt,8,faciles,True,1341,0.1037,10,OK
8x8/faciles/19.txt,8,faciles,True,1327,0.0958,10,OK
8x8/faciles/20.txt,8,faciles,True,1351,0.1055,10,OK
8x8/faciles/21.txt,8,faciles,True,1359,0.1063,10,OK
8x8/faciles/22.txt,8,faciles,True,1350,0.1039,10,OK
8x8/faciles/23.txt,8,faciles,True,1342,0.105,10,OK
8x8/faciles/24.txt,8,faciles,True,1364,0.1062,10,OK
8x8/faciles/25.txt,8,faciles,True,1343,0.1029,10,OK
8x8/faciles/26.txt,8,faciles,True,1327,0.101,10,OK
8x8/faciles/27.txt,8,faciles,True,1362,0.107,10,OK
8x8/faciles/28.txt,8,faciles,True,1361,0.1058,10,OK
8x8/faciles/29.txt,8,faciles,True,1384,0.1077,10,OK
8x8/faciles/30.txt,8,faciles,True,1387,0.1079,10,OK
8x8/faciles/31.txt,8,faciles,True,1346,0.104,10,OK
8x8/faciles/32.txt,8,faciles,True,1384,0.1077,10,OK
8x8/faciles/33.txt,8,faciles,True,1386,0.1077,10,OK
8x8/faciles/34.txt,8,faciles,True,1345,0.1033,10,OK
8x8/faciles/35.txt,8,faciles,True,1388,0.1082,10,OK
8x8/faciles/36.txt,8,faciles,True,1338,0.1028,10,OK
8x8/faciles/37.txt,8,faciles,True,1328,0.1018,10,OK
8x8/faciles/38.txt,8,faciles,True,1369,0.108,10,OK
8x8/faciles/39.txt,8,faciles,True,1352,0.1044,10,OK
8x8/faciles/40.txt,8,faciles,True,1370,0.107,10,OK
8x8/faciles/41.txt,8,faciles,True,1330,0.1027,10,OK
8x8/faciles/42.txt,8,faciles,True,1343,0.1053,10,OK
8x8/faciles/43.txt,8,faciles,True,1341,0.1037,10,OK
8x8/faciles/44.txt,8,faciles,True,1384,0.1094,10,OK
8x8/faciles/45.txt,8,faciles,True,1372,0.108,10,OK
8x8/faciles/46.txt,8,faciles,True,1344,0.1035,10,OK
8x8/faciles/47.txt,8,faciles,True,1341,0.0972,10,OK
8x8/faciles/48.txt,8,faciles,True,1352,0.1029,10,OK
8x8/faciles/49.txt,8,faciles,True,1341,0.1011,10,OK
8x8/faciles/50.txt,8,faciles,True,1343,0.1047,10,OK
8x8/faciles/51.txt,8,faciles,True,1343,0.1024,10,OK
8x8/faciles/52.txt,8,faciles,True,1361,0.1051,10,OK
8x8/faciles/53.txt,8,faciles,True,1371,0.1071,10,OK
8x8/faciles/54.txt,8,faciles,True,1338,0.1032,10,OK
8x8/faciles/55.txt,8,faciles,True,1338,0.1026,10,OK
8x8/faciles/56.txt,8,faciles,True,1332,0.1039,10,OK
8x8/faciles/57.txt,8,faciles,True,1361,0.1047,10,OK
8x8/faciles/58.txt,8,faciles,True,1360,0.1072,10,OK
8x8/faciles/59.txt,8,faciles,True,1344,0.1033,10,OK
8x8/faciles/60.txt,8,faciles,True,1386,0.1086,10,OK
8x8/faciles/61.txt,8,faciles,True,1328,0.1013,10,OK
8x8/faciles/62.txt,8,faciles,True,1371,0.1062,10,OK
8x8/faciles/63.txt,8,faciles,True,1342,0.105,10,OK
8x8/faciles/64.txt,8,faciles,True,1361,0.1044,10,OK
8x8/faciles/65.txt,8,faciles,True,1386,0.1082,10,OK
8x8/faciles/66.txt,8,faciles,True,1330,0.0532,10,OK
8x8/faciles/67.txt,8,faciles,True,1359,0.1037,10,OK
8x8/faciles/68.txt,8,faciles,True,1359,0.1059,10,OK
8x8/faciles/69.txt,8,faciles,True,1356,0.1051,10,OK
8x8/faciles/70.txt,8,faciles,True,1343,0.1031,10,OK
8x8/faciles/71.txt,8,faciles,True,1387,0.1084,10,OK
8x8/faciles/72.txt,8,faciles,True,1360,0.1057,10,OK
8x8/faciles/73.txt,8,faciles,True,1363,0.1052,10,OK
8x8/faciles/74.txt,8,faciles,True,1341,0.103,10,OK
8x8/faciles/75.txt,8,faciles,True,1360,0.1064,10,OK
8x8/faciles/76.txt,8,faciles,True,1338,0.1044,10,OK
8x8/faciles/77.txt,8,faciles,True,1357,0.1043,10,OK
8x8/faciles/78.txt,8,faciles,True,1342,0.1038,10,OK
8x8/faciles/79.txt,8,faciles,True,1350,0.1052,10,OK
8x8/faciles/80.txt,8,faciles,True,1367,0.0543,8,OK
8x8/faciles/81.txt,8,faciles,True,1390,0.1089,10,OK
8x8/faciles/82.txt,8,faciles,True,1342,0.1041,10,OK
8x8/faciles/83.txt,8,faciles,True,1328,0.1023,10,OK
8x8/faciles/84.txt,8,faciles,True,1332,0.1039,10,OK
8x8/faciles/85.txt,8,faciles,True,1388,0.1093,10,OK
8x8/faciles/86.txt,8,faciles,True,1369,0.1062,10,OK
8x8/faciles/87.txt,8,faciles,True,1354,0.1042,10,OK
8x8/faciles/88.txt,8,faciles,True,1356,0.1043,10,OK
8x8/faciles/89.txt,8,faciles,True,1388,0.1083,10,OK
8x8/faciles/90.txt,8,faciles,True,1356,0.1068,10,OK
8x8/faciles/91.txt,8,faciles,True,1387,0.1084,10,OK
8x8/faciles/92.txt,8,faciles,True,1344,0.1027,10,OK
8x8/faciles/93.txt,8,faciles,True,1357,0.1063,10,OK
8x8/faciles/94.txt,8,faciles,True,1338,0.1033,10,OK
8x8/faciles/95.txt,8,faciles,True,1343,0.1021,10,OK
8x8/faciles/96.txt,8,faciles,True,1362,0.1071,10,OK
8x8/faciles/97.txt,8,faciles,True,1344,0.1042,10,OK
8x8/faciles/98.txt,8,faciles,True,1355,0.1038,10,OK
8x8/faciles/99.txt,8,faciles,True,1343,0.1037,10,OK
8x8/faciles/100.txt,8,faciles,True,1341,0.1016,10,OK
8x8/medios/1.txt,8,medios,True,1441,0.1678,16,OK
8x8/medios/2.txt,8,medios,True,1351,0.1033,20,OK
8x8/medios/3.txt,8,medios,True,1443,0.1983,20,OK
8x8/medios/4.txt,8,medios,True,1411,0.1132,20,OK
8x8/medios/5.txt,8,medios,True,1442,0.2021,20,OK
8x8/medios/6.txt,8,medios,True,1428,0.113,20,OK
8x8/medios/7.txt,8,medios,True,1704,0.3098,20,OK
8x8/medios/8.txt,8,medios,True,1391,0.1096,20,OK
8x8/medios/9.txt,8,medios,True,1376,0.1067,20,OK
8x8/medios/10.txt,8,medios,True,1510,0.2274,20,OK
8x8/medios/11.txt,8,medios,True,1423,0.1123,20,OK
8x8/medios/12.txt,8,medios,True,1453,0.1681,20,OK
8x8/medios/13.txt,8,medios,True,1374,0.105,20,OK
8x8/medios/14.txt,8,medios,True,1480,0.1777,18,OK
8x8/medios/15.txt,8,medios,True,1360,0.1038,20,OK
8x8/medios/16.txt,8,medios,True,1348,0.0954,20,OK
8x8/medios/17.txt,8,medios,True,1377,0.1078,20,OK
8x8/medios/18.txt,8,medios,True,1376,0.1084,20,OK
8x8/medios/19.txt,8,medios,True,1367,0.1038,20,OK
8x8/medios/20.txt,8,medios,True,1399,0.102,20,OK
8x8/medios/21.txt,8,medios,True,1377,0.1073,20,OK
8x8/medios/22.txt,8,medios,True,1522,0.2301,20,OK
8x8/medios/23.txt,8,medios,True,1438,0.1703,20,OK
8x8/medios/24.txt,8,medios,True,1371,0.1068,20,OK
8x8/medios/25.txt,8,medios,True,1514,0.18,20,OK
8x8/medios/26.txt,8,medios,True,1352,0.0938,20,OK
8x8/medios/27.txt,8,medios,True,1456,0.2161,20,OK
8x8/medios/28.txt,8,medios,True,1415,0.1607,20,OK
8x8/medios/29.txt,8,medios,True,1728,0.3167,20,OK
8x8/medios/30.txt,8,medios,True,1361,0.1052,20,OK
8x8/medios/31.txt,8,medios,True,1385,0.1069,20,OK
8x8/medios/32.txt,8,medios,True,1388,0.148,20,OK
8x8/medios/33.txt,8,medios,True,1431,0.2133,18,OK
8x8/medios/34.txt,8,medios,True,1606,0.2456,20,OK
8x8/medios/35.txt,8,medios,True,1371,0.1046,20,OK
8x8/medios/36.txt,8,medios,True,1611,0.2457,20,OK
8x8/medios/37.txt,8,medios,True,1462,0.1212,20,OK
8x8/medios/38.txt,8,medios,True,1350,0.1016,20,OK
8x8/medios/39.txt,8,medios,True,1554,0.2365,20,OK
8x8/medios/40.txt,8,medios,True,1376,0.1569,20,OK
8x8/medios/41.txt,8,medios,True,1424,0.1132,18,OK
8x8/medios/42.txt,8,medios,True,1451,0.166,20,OK
8x8/medios/43.txt,8,medios,True,1449,0.1198,20,OK
8x8/medios/44.txt,8,medios,True,1378,0.1089,20,OK
8x8/medios/45.txt,8,medios,True,1402,0.1102,20,OK
8x8/medios/46.txt,8,medios,True,1449,0.1706,20,OK
8x8/medios/47.txt,8,medios,True,1430,0.213,20,OK
8x8/medios/48.txt,8,medios,True,1378,0.1062,20,OK
8x8/medios/49.txt,8,medios,True,1426,0.1635,20,OK
8x8/medios/50.txt,8,medios,True,1379,0.1553,18,OK
8x8/medios/51.txt,8,medios,True,1456,0.1085,20,OK
8x8/medios/52.txt,8,medios,True,1420,0.1115,20,OK
8x8/medios/53.txt,8,medios,True,1396,0.1093,18,OK
8x8/medios/54.txt,8,medios,True,1438,0.164,20,OK
8x8/medios/55.txt,8,medios,True,1348,0.0984,20,OK
8x8/medios/56.txt,8,medios,True,1417,0.1641,20,OK
8x8/medios/57.txt,8,medios,True,1416,0.1617,20,OK
8x8/medios/58.txt,8,medios,True,1362,0.1444,20,OK
8x8/medios/59.txt,8,medios,True,1361,0.1048,20,OK
8x8/medios/60.txt,8,medios,True,1407,0.1603,20,OK
8x8/medios/61.txt,8,medios,True,1485,0.2295,18,OK
8x8/medios/62.txt,8,medios,True,1564,0.2338,20,OK
8x8/medios/63.txt,8,medios,True,1350,0.1038,20,OK
8x8/medios/64.txt,8,medios,True,1377,0.1567,18,OK
8x8/medios/65.txt,8,medios,True,1351,0.0944,20,OK
8x8/medios/66.txt,8,medios,True,1390,0.1098,20,OK
8x8/medios/67.txt,8,medios,True,1380,0.1063,20,OK
8x8/medios/68.txt,8,medios,True,1498,0.1757,20,OK
8x8/medios/69.txt,8,medios,True,1425,0.1108,20,OK
8x8/medios/70.txt,8,medios,True,1386,0.0522,18,OK
8x8/medios/71.txt,8,medios,True,1374,0.1046,20,OK
8x8/medios/72.txt,8,medios,True,1446,0.1652,20,OK
8x8/medios/73.txt,8,medios,True,1376,0.1073,20,OK
8x8/medios/74.txt,8,medios,True,1400,0.1571,20,OK
8x8/medios/75.txt,8,medios,True,1390,0.1488,20,OK
8x8/medios/76.txt,8,medios,True,1464,0.1689,20,OK
8x8/medios/77.txt,8,medios,True,1454,0.1714,18,OK
8x8/medios/78.txt,8,medios,True,1369,0.1073,20,OK
8x8/medios/79.txt,8,medios,True,1648,0.2018,20,OK
8x8/medios/80.txt,8,medios,True,1389,0.1009,20,OK
8x8/medios/81.txt,8,medios,True,1362,0.1049,20,OK
8x8/medios/82.txt,8,medios,True,1653,0.2485,20,OK
8x8/medios/83.txt,8,medios,True,1406,0.2109,20,OK
8x8/medios/84.txt,8,medios,True,1339,0.0487,20,OK
8x8/medios/85.txt,8,medios,True,1348,0.1028,20,OK
8x8/medios/86.txt,8,medios,True,1361,0.0966,20,OK
8x8/medios/87.txt,8,medios,True,1512,0.1774,20,OK
8x8/medios/88.txt,8,medios,True,1354,0.1064,14,OK
8x8/medios/89.txt,8,medios,True,1410,0.164,20,OK
8x8/medios/90.txt,8,medios,True,1418,0.113,20,OK
8x8/medios/91.txt,8,medios,True,1938,0.3266,18,OK
8x8/medios/92.txt,8,medios,True,1376,0.1076,20,OK
8x8/medios/93.txt,8,medios,True,1363,0.099,16,OK
8x8/medios/94.txt,8,medios,True,1375,0.0975,20,OK
8x8/medios/95.txt,8,medios,True,1366,0.05,20,OK
8x8/medios/96.txt,8,medios,True,1339,0.0477,20,OK
8x8/medios/97.txt,8,medios,True,1357,0.1245,18,OK
8x8/medios/98.txt,8,medios,True,1388,0.1065,20,OK
8x8/medios/99.txt,8,medios,True,1400,0.1614,20,OK
8x8/medios/100.txt,8,medios,True,1345,0.0486,20,OK
8x8/dificiles/1.txt,8,dificiles,True,10619,1.4101,48,OK
8x8/dificiles/2.txt,8,dificiles,True,1816,0.1535,50,OK
8x8/dificiles/3.txt,8,dificiles,True,35847,5.2514,46,OK
8x8/dificiles/4.txt,8,dificiles,True,10674,1.6034,50,OK
8x8/dificiles/5.txt,8,dificiles,True,931566,128.047,50,OK
8x8/dificiles/6.txt,8,dificiles,True,1450,0.0569,46,OK
8x8/dificiles/7.txt,8,dificiles,True,5603,0.8188,40,OK
8x8/dificiles/8.txt,8,dificiles,True,167788,25.7778,44,OK
8x8/dificiles/9.txt,8,dificiles,True,16346,2.6252,50,OK
8x8/dificiles/10.txt,8,dificiles,True,3980,0.5584,50,OK
8x8/dificiles/11.txt,8,dificiles,True,26111,4.0543,48,OK
8x8/dificiles/12.txt,8,dificiles,True,6144,0.8471,44,OK
8x8/dificiles/13.txt,8,dificiles,True,20333,3.3456,50,OK
8x8/dificiles/14.txt,8,dificiles,True,14317,2.2864,42,OK
8x8/dificiles/15.txt,8,dificiles,True,676923,98.3948,50,OK
8x8/dificiles/16.txt,8,dificiles,True,4072,0.5783,50,OK
8x8/dificiles/17.txt,8,dificiles,True,8084,1.2818,44,OK
8x8/dificiles/18.txt,8,dificiles,True,547656,90.8468,50,OK
8x8/dificiles/19.txt,8,dificiles,True,2122,0.2126,48,OK
8x8/dificiles/20.txt,8,dificiles,True,64556,10.1556,44,OK
8x8/dificiles/21.txt,8,dificiles,True,26610,3.9205,44,OK
8x8/dificiles/22.txt,8,dificiles,True,3250,0.4954,48,OK
8x8/dificiles/23.txt,8,dificiles,True,4729,0.7224,46,OK
8x8/dificiles/24.txt,8,dificiles,True,18747,2.886,38,OK
8x8/dificiles/25.txt,8,dificiles,True,45155,6.9708,36,OK
8x8/dificiles/26.txt,8,dificiles,True,18378,2.5543,50,OK
8x8/dificiles/27.txt,8,dificiles,True,11641,1.7485,48,OK
8x8/dificiles/28.txt,8,dificiles,True,1679,0.18,36,OK
8x8/dificiles/29.txt,8,dificiles,True,1921,0.2354,40,OK
8x8/dificiles/30.txt,8,dificiles,True,1585,0.1246,42,OK
8x8/dificiles/31.txt,8,dificiles,True,61300,10.1272,46,OK
8x8/dificiles/32.txt,8,dificiles,False,1798537,285.9395,0,timeout_or_limit
8x8/dificiles/33.txt,8,dificiles,True,17385,2.7594,46,OK
8x8/dificiles/34.txt,8,dificiles,True,924791,144.0507,44,OK
8x8/dificiles/35.txt,8,dificiles,True,1933,0.1665,40,OK
8x8/dificiles/36.txt,8,dificiles,True,42806,6.2797,50,OK
8x8/dificiles/37.txt,8,dificiles,True,1727,0.1555,42,OK
8x8/dificiles/38.txt,8,dificiles,True,2869,0.3674,50,OK
8x8/dificiles/39.txt,8,dificiles,True,15995,2.5336,50,OK
8x8/dificiles/40.txt,8,dificiles,True,25851,3.9461,50,OK
8x8/dificiles/41.txt,8,dificiles,True,13703,1.819,48,OK
8x8/dificiles/42.txt,8,dificiles,True,236824,35.6363,48,OK
8x8/dificiles/43.txt,8,dificiles,True,4186,0.5568,42,OK
8x8/dificiles/44.txt,8,dificiles,True,23699,3.792,50,OK
8x8/dificiles/45.txt,8,dificiles,True,12843,1.993,48,OK
8x8/dificiles/46.txt,8,dificiles,True,8225,1.2376,44,OK
8x8/dificiles/47.txt,8,dificiles,True,3405,0.4476,50,OK
8x8/dificiles/48.txt,8,dificiles,True,4605,0.6032,44,OK
8x8/dificiles/49.txt,8,dificiles,True,32349,4.9122,40,OK
8x8/dificiles/50.txt,8,dificiles,True,30847,4.9007,50,OK
8x8/dificiles/51.txt,8,dificiles,True,13048,2.0765,50,OK
8x8/dificiles/52.txt,8,dificiles,True,10376,1.399,50,OK
8x8/dificiles/53.txt,8,dificiles,False,1000733,150.783,0,timeout_or_limit
8x8/dificiles/54.txt,8,dificiles,True,4681,0.7275,42,OK
8x8/dificiles/55.txt,8,dificiles,True,4653,0.64,44,OK
8x8/dificiles/56.txt,8,dificiles,True,28767,4.5823,42,OK
8x8/dificiles/57.txt,8,dificiles,True,2492,0.2996,50,OK
8x8/dificiles/58.txt,8,dificiles,True,4098,0.5379,50,OK
8x8/dificiles/59.txt,8,dificiles,True,2810,0.3585,48,OK
8x8/dificiles/60.txt,8,dificiles,True,56941,9.1763,42,OK
8x8/dificiles/61.txt,8,dificiles,True,20750,3.3811,38,OK
8x8/dificiles/62.txt,8,dificiles,True,1465,0.1513,42,OK
8x8/dificiles/63.txt,8,dificiles,True,191480,29.1246,44,OK
8x8/dificiles/64.txt,8,dificiles,True,158738,25.2145,48,OK
8x8/dificiles/65.txt,8,dificiles,True,5340,0.7367,50,OK
8x8/dificiles/66.txt,8,dificiles,True,6986,1.0294,50,OK
8x8/dificiles/67.txt,8,dificiles,True,114230,17.2067,50,OK
8x8/dificiles/68.txt,8,dificiles,True,3224,0.4324,48,OK
8x8/dificiles/69.txt,8,dificiles,True,2136,0.3334,36,OK
8x8/dificiles/70.txt,8,dificiles,True,7507,1.1362,40,OK
8x8/dificiles/71.txt,8,dificiles,True,14797,2.0579,48,OK
8x8/dificiles/72.txt,8,dificiles,True,134837,20.0941,44,OK
8x8/dificiles/73.txt,8,dificiles,True,1749,0.148,48,OK
8x8/dificiles/74.txt,8,dificiles,True,72360,11.2663,48,OK
8x8/dificiles/75.txt,8,dificiles,True,152732,20.9813,50,OK
8x8/dificiles/76.txt,8,dificiles,True,64961,8.7003,44,OK
8x8/dificiles/77.txt,8,dificiles,True,5928,0.8552,46,OK
8x8/dificiles/78.txt,8,dificiles,True,24580,3.7244,50,OK
8x8/dificiles/79.txt,8,dificiles,True,23521,3.3502,50,OK
8x8/dificiles/80.txt,8,dificiles,True,369205,58.555,50,OK
8x8/dificiles/81.txt,8,dificiles,True,7234,1.0862,44,OK
8x8/dificiles/82.txt,8,dificiles,True,3146,0.3811,48,OK
8x8/dificiles/83.txt,8,dificiles,True,5482,0.8283,44,OK
8x8/dificiles/84.txt,8,dificiles,True,27932,4.471,46,OK
8x8/dificiles/85.txt,8,dificiles,True,125228,20.3484,48,OK
8x8/dificiles/86.txt,8,dificiles,True,218856,33.1025,50,OK
8x8/dificiles/87.txt,8,dificiles,True,17598,2.8767,44,OK
8x8/dificiles/88.txt,8,dificiles,True,1846,0.2243,50,OK
8x8/dificiles/89.txt,8,dificiles,True,58948,8.7008,44,OK
8x8/dificiles/90.txt,8,dificiles,True,10957,1.6402,46,OK
8x8/dificiles/91.txt,8,dificiles,False,1152817,191.9276,0,timeout_or_limit
8x8/dificiles/92.txt,8,dificiles,True,228994,37.2642,50,OK
8x8/dificiles/93.txt,8,dificiles,True,9245,1.3476,50,OK
8x8/dificiles/94.txt,8,dificiles,True,18789,3.0584,50,OK
8x8/dificiles/95.txt,8,dificiles,True,1936,0.2367,50,OK
8x8/dificiles/96.txt,8,dificiles,True,3523,0.4595,48,OK
8x8/dificiles/97.txt,8,dificiles,True,4816,0.6041,48,OK
8x8/dificiles/98.txt,8,dificiles,True,1579,0.1137,50,OK
8x8/dificiles/99.txt,8,dificiles,True,1520,0.1729,36,OK
8x8/dificiles/100.txt,8,dificiles,True,1973,0.2359,42,OK
